stock_code,stock_name,market
98120,(주)마이크로컨텍솔루션,KOSDAQ
9520,(주)포스코엠텍,KOSDAQ
95570,AJ네트웍스보통주,KOSPI
6840,AK홀딩스보통주,KOSPI
282330,BGF리테일보통주,KOSPI
27410,BGF보통주,KOSPI
138930,BNK금융지주보통주,KOSPI
1465,BYC1우선주,KOSPI
1460,BYC보통주,KOSPI
1045,CJ1우선주,KOSPI
00104K,CJ4우선주(전환),KOSPI
1040,CJ보통주,KOSPI
11155,CJ씨푸드1우선주,KOSPI
11150,CJ씨푸드보통주,KOSPI
58820,CMG제약,KOSDAQ
590,CS홀딩스보통주,KOSPI
12030,DB Inc.보통주,KOSPI
16610,DB금융투자보통주,KOSPI
5830,DB손해보험보통주,KOSPI
990,DB하이텍보통주,KOSPI
139130,DGB금융지주보통주,KOSPI
1530,DI동일보통주,KOSPI
215,DL1우선주,KOSPI
1880,DL건설보통주,KOSPI
210,DL보통주,KOSPI
37550K,DL이앤씨1우선주,KOSPI
37550L,DL이앤씨2우선주(전환),KOSPI
375500,DL이앤씨보통주,KOSPI
155660,DSR보통주,KOSPI
69730,DSR제강보통주,KOSPI
17860,DS단석보통주,KOSPI
17940,E1보통주,KOSPI
365550,ESR켄달스퀘어리츠보통주,KOSPI
50120,ES큐브,KOSDAQ
383220,F&F보통주,KOSPI
7700,F&F홀딩스,KOSPI
78935,GS1우선주,KOSPI
6360,GS건설보통주,KOSPI
78930,GS보통주,KOSPI
12630,HDC보통주,KOSPI
294870,HDC현대산업개발보통주,KOSPI
97230,HJ중공업보통주,KOSPI
14790,HL D&I보통주,KOSPI
24850,HLB이노베이션,KOSDAQ
204320,HL만도보통주,KOSPI
60980,HL홀딩스보통주,KOSPI
35000,HS애드보통주,KOSPI
3560,IHQ보통주,KOSPI
175330,JB금융지주보통주,KOSPI
234080,JW생명과학보통주,KOSPI
1065,JW중외제약1우선주,KOSPI
1067,JW중외제약2우선주(신형),KOSPI
1060,JW중외제약보통주,KOSPI
96760,JW홀딩스 보통주,KOSPI
105560,KB금융지주 보통주,KOSPI
432320,KB스타리츠보통주,KOSPI
24120,KB오토시스,KOSDAQ
9070,KCTC 보통주,KOSPI
44180,KD,KOSDAQ
3620,KG모빌리티보통주,KOSPI
16380,KG스틸보통주,KOSPI
1390,KG케미칼보통주,KOSPI
33180,KH 필룩스보통주,KOSPI
1940,KISCO홀딩스보통주,KOSPI
25000,KPX케미칼보통주,KOSPI
92230,KPX홀딩스보통주,KOSPI
40,KR모터스보통주,KOSPI
93050,LF보통주,KOSPI
3555,LG1우선주,KOSPI
34220,LG디스플레이보통주,KOSPI
3550,LG보통주,KOSPI
51905,LG생활건강1우선주,KOSPI
51900,LG생활건강보통주,KOSPI
373220,LG에너지솔루션보통주,KOSPI
32640,LG유플러스보통주,KOSPI
11070,LG이노텍보통주,KOSPI
66575,LG전자1우선주,KOSPI
66570,LG전자보통주,KOSPI
51915,LG화학1우선주,KOSPI
51910,LG화학보통주,KOSPI
79550,LIG넥스원보통주,KOSPI
10120,LS ELECTRIC보통주,KOSPI
680,LS네트웍스보통주,KOSPI
6260,LS보통주,KOSPI
229640,LS에코에너지보통주,KOSPI
108320,LX세미콘보통주,KOSPI
1120,LX인터내셔널보통주,KOSPI
86960,MDS테크,KOSDAQ
23150,MH에탄올보통주,KOSPI
35420,NAVER보통주,KOSPI
181710,NHN보통주,KOSPI
338100,NH프라임리츠보통주,KOSPI
34310,NICE보통주,KOSPI
8260,NI스틸보통주,KOSPI
4255,NPC1우선주,KOSPI
4250,NPC보통주,KOSPI
456040,OCI보통주,KOSPI
10955,S-Oil1우선주,KOSPI
10950,S-Oil보통주,KOSPI
950110,SBI핀테크솔루션즈,KOSDAQ
5090,SGC에너지보통주,KOSPI
1380,SG글로벌보통주,KOSPI
1770,SHD보통주,KOSPI
2360,SH에너지화학보통주,KOSPI
9160,SIMPAC보통주,KOSPI
123700,SJM보통주,KOSPI
25530,SJM홀딩스보통주,KOSPI
03473K,SK1우선주,KOSPI
11790,SKC보통주,KOSPI
18670,SK가스보통주,KOSPI
1740,SK네트웍스보통주,KOSPI
210980,SK디앤디보통주,KOSPI
395400,SK리츠보통주,KOSPI
34730,SK보통주,KOSPI
402340,SK스퀘어보통주,KOSPI
260870,SK시그넷,KONEX
361610,SK아이이테크놀로지보통주,KOSPI
100090,SK오션플랜트보통주,KOSPI
96775,SK이노베이션 1우선주,KOSPI
96770,SK이노베이션 보통주,KOSPI
1515,SK증권1우선주,KOSPI
1510,SK증권보통주,KOSPI
28513K,SK케미칼1우선주,KOSPI
285130,SK케미칼보통주,KOSPI
17670,SK텔레콤보통주,KOSPI
3570,SNT다이내믹스보통주,KOSPI
64960,SNT모티브보통주,KOSPI
100840,SNT에너지보통주,KOSPI
36530,SNT홀딩스보통주,KOSPI
5610,SPC삼립보통주,KOSPI
465770,STX그린로지스보통주,KOSPI
11810,STX보통주,KOSPI
77970,STX엔진보통주,KOSPI
71970,STX중공업보통주,KOSPI
84870,TBH글로벌보통주,KOSPI
2710,TCC스틸보통주,KOSPI
24070,WISCOM보통주,KOSPI
79940,가비아,KOSDAQ
78890,가온그룹,KOSDAQ
500,가온전선보통주,KOSPI
399720,가온칩스,KOSDAQ
296520,가이아코퍼레이션,KONEX
36620,감성코퍼레이션,KOSDAQ
860,강남제비스코보통주,KOSPI
217730,강스템바이오텍,KOSDAQ
35250,강원랜드보통주,KOSPI
114190,강원에너지,KOSDAQ
94480,갤럭시아머니트리,KOSDAQ
11420,갤럭시아에스엠보통주,KOSPI
39240,경남스틸,KOSDAQ
53950,경남제약,KOSDAQ
2100,경농보통주,KOSPI
9450,경동나비엔보통주,KOSPI
267290,경동도시가스보통주,KOSPI
12320,경동인베스트보통주,KOSPI
11040,경동제약,KOSDAQ
50,경방보통주,KOSPI
214390,경보제약보통주,KOSPI
12610,경인양행보통주,KOSPI
9140,경인전자보통주,KOSPI
24910,경창산업,KOSDAQ
13580,계룡건설산업보통주,KOSPI
12205,계양전기1우선주,KOSPI
12200,계양전기보통주,KOSPI
2140,고려산업보통주,KOSPI
198440,고려시멘트,KOSDAQ
49720,고려신용정보,KOSDAQ
10130,고려아연보통주,KOSPI
2240,고려제강보통주,KOSPI
14570,고려제약,KOSDAQ
348150,고바이오랩,KOSDAQ
950190,고스트스튜디오,KOSDAQ
98460,고영테크놀러지,KOSDAQ GLOBAL
35290,골드앤에스,KOSDAQ
215000,골프존,KOSDAQ GLOBAL
121440,골프존뉴딘홀딩스,KOSDAQ
183410,골프존데카,KONEX
366030,공구우먼,KOSDAQ
76340,관악산업,KONEX
9290,광동제약보통주,KOSPI
14200,광림,KOSDAQ
17040,광명전기보통주,KOSPI
29480,광무,KOSDAQ
17900,광전자보통주,KOSPI
37710,광주신세계보통주,KOSPI
26910,광진실업,KOSDAQ
397880,교보11호기업인수목적,KOSDAQ
421800,교보12호기업인수목적,KOSDAQ
440790,교보13호기업인수목적,KOSDAQ
456490,교보14호기업인수목적,KOSDAQ
465320,교보15호기업인수목적,KOSDAQ
30610,교보증권보통주,KOSPI
339770,교촌에프앤비보통주,KOSPI
53270,구영테크,KOSDAQ
7690,국도화학보통주,KOSPI
5320,국동보통주,KOSPI
66620,국보디자인,KOSDAQ
1140,국보보통주,KOSPI
43650,국순당,KOSDAQ
6050,국영지앤엠,KOSDAQ
60480,국일신동,KOSDAQ
78130,국일제지,KOSDAQ
307750,국전약품,KOSDAQ
2720,국제약품보통주,KOSPI
243870,굿센,KONEX
35080,그래디언트,KOSDAQ
114090,그랜드코리아레저보통주,KOSPI
900290,그레이트리치과기유한공사,KOSDAQ
204020,그리티,KOSDAQ
402490,그린리소스,KOSDAQ
114450,그린생명과학,KOSDAQ
83420,그린케미칼보통주,KOSPI
186230,그린플러스,KOSDAQ
14530,극동유화보통주,KOSPI
83450,글로벌스탠다드테크놀로지,KOSDAQ
900070,글로벌에스엠테크리미티드,KOSDAQ
204620,글로벌텍스프리,KOSDAQ
19660,글로본,KOSDAQ
14285,금강공업1우선주,KOSPI
14280,금강공업보통주,KOSPI
53260,금강철강,KOSDAQ
8870,금비보통주,KOSPI
282720,금양그린파워,KOSDAQ
1570,금양보통주,KOSPI
2995,금호건설1우선주,KOSPI
2990,금호건설보통주,KOSPI
11785,금호석유화학1우선주,KOSPI
11780,금호석유화학보통주,KOSPI
214330,금호에이치티보통주,KOSPI
1210,금호전기보통주,KOSPI
73240,금호타이어보통주,KOSPI
36190,금화피에스시,KOSDAQ
49080,기가레인,KOSDAQ
420770,기가비스,KOSDAQ
35460,기산텔레콤,KOSDAQ
92440,기신정기 보통주,KOSPI
270,기아보통주,KOSPI
456700,길교이앤씨,KONEX
13700,까뮤이앤씨보통주,KOSPI
308100,까스텔바작,KOSDAQ
4545,깨끗한나라1우선주,KOSPI
4540,깨끗한나라보통주,KOSPI
407400,꿈비,KOSDAQ
187790,나노,KOSDAQ
286750,나노브릭,KOSDAQ
121600,나노신소재,KOSDAQ
247660,나노씨엠에스,KOSDAQ
39860,나노엔텍,KOSDAQ
91970,나노캠텍,KOSDAQ
417010,나노팀,KOSDAQ
244880,나눔테크,KONEX
405920,나라셀라,KOSDAQ
288490,나라소프트,KONEX
51490,나라엠앤디,KOSDAQ
137080,나래나노텍,KOSDAQ
190510,나무가,KOSDAQ
242040,나무기술,KOSDAQ
89600,나스미디어,KOSDAQ
293580,나우아이비캐피탈,KOSDAQ
257990,나우코스,KONEX
138610,나이벡,KOSDAQ
130580,나이스디앤비,KOSDAQ
36800,나이스정보통신,KOSDAQ
30190,나이스평가정보보통주,KOSPI
267320,나인테크,KOSDAQ
1260,남광토건보통주,KOSPI
8355,남선알미늄1우선주,KOSPI
8350,남선알미늄보통주,KOSPI
4270,남성보통주,KOSPI
3925,남양유업1우선주,KOSPI
3920,남양유업보통주,KOSPI
25860,남해화학보통주,KOSPI
111710,남화산업,KOSDAQ
91590,남화토건,KOSDAQ
168330,내츄럴엔도텍,KOSDAQ
94860,네오리진,KOSDAQ
253590,네오셈,KOSDAQ
212560,네오오토,KOSDAQ
95660,네오위즈,KOSDAQ
42420,네오위즈홀딩스,KOSDAQ
950220,네오이뮨텍,KOSDAQ
311390,네오크레마,KOSDAQ
85910,네오티스,KOSDAQ
92730,네오팜,KOSDAQ
290660,네오펙트,KOSDAQ
306620,네온테크,KOSDAQ
153460,네이블커뮤니케이션즈,KOSDAQ
7390,네이처셀,KOSDAQ
33640,네패스,KOSDAQ
330860,네패스아크,KOSDAQ
5725,넥센1우선주,KOSPI
5720,넥센보통주,KOSPI
2355,넥센타이어1우선주(신형),KOSPI
2350,넥센타이어보통주,KOSPI
89140,넥스턴바이오사이언스,KOSDAQ
137940,넥스트아이,KOSDAQ
160550,넥스트엔터테인먼트월드,KOSDAQ
396270,넥스트칩,KOSDAQ
348210,넥스틴,KOSDAQ GLOBAL
92790,넥스틸보통주,KOSPI
225570,넥슨게임즈,KOSDAQ
217270,넵튠,KOSDAQ
251270,넷마블보통주,KOSPI
317860,노드메이슨,KONEX
104620,노랑풍선,KOSDAQ
90355,노루페인트 1우선주,KOSPI
90350,노루페인트 보통주,KOSPI
325,노루홀딩스1우선주,KOSPI
320,노루홀딩스보통주,KOSPI
194700,노바렉스,KOSDAQ
285490,노바텍,KOSDAQ
283100,노보믹스,KONEX
229500,노브메타파마,KONEX
106520,노블엠앤비,KOSDAQ
376930,노을,KOSDAQ
6280,녹십자보통주,KOSPI
142280,녹십자엠에스,KOSDAQ
234690,녹십자웰빙,KOSDAQ
5257,녹십자홀딩스2우선주(신형),KOSPI
5250,녹십자홀딩스보통주,KOSPI
65560,녹원씨엔아이,KOSDAQ
4370,농심보통주,KOSPI
72710,농심홀딩스보통주,KOSPI
154030,농업회사법인 아시아종묘,KOSDAQ
403490,농업회사법인 우듬지팜,KOSDAQ
54050,농업회사법인농우바이오,KOSDAQ
69140,누리플랜,KOSDAQ
40160,누리플렉스,KOSDAQ
332290,누보,KOSDAQ
348340,뉴로메카,KOSDAQ
60260,뉴보텍,KOSDAQ
12340,뉴인텍,KOSDAQ
214870,뉴지랩파마,KOSDAQ
270870,뉴트리,KOSDAQ
144960,뉴파워프라즈마,KOSDAQ
85670,뉴프렉스,KOSDAQ
64260,다날,KOSDAQ
340360,다보링크,KOSDAQ
39560,다산네트웍스,KOSDAQ
154040,다산솔루에타,KOSDAQ
58730,다스코보통주,KOSPI
30210,다올투자증권보통주,KOSPI
23590,다우기술보통주,KOSPI
32190,다우데이타,KOSDAQ
323350,다원넥스뷰,KONEX
68240,다원시스,KOSDAQ
145210,다이나믹디자인보통주,KOSPI
19680,대교보통주,KOSPI
19685,대교우선주(신형),KOSPI
6370,대구백화점보통주,KOSPI
00806K,대덕1우선주,KOSPI
8060,대덕보통주,KOSPI
353200,대덕전자보통주,KOSPI
35320K,대덕전자우선주,KOSPI
178600,대동고려삼 주식회사,KONEX
20400,대동금속,KOSDAQ
8830,대동기어,KOSDAQ
490,대동보통주,KOSPI
48470,대동스틸,KOSDAQ
8110,대동전자보통주,KOSPI
4780,대륙제관,KOSDAQ
5750,대림B&Co보통주,KOSPI
17650,대림제지,KOSDAQ
6570,대림통상보통주,KOSPI
7720,대명소노시즌,KOSDAQ
389260,대명에너지,KOSDAQ
317850,대모엔지니어링,KOSDAQ
290670,대보마그네틱,KOSDAQ
78140,대봉엘에스,KOSDAQ
65150,대산에프앤비,KOSDAQ
1685,대상1우선주,KOSPI
1680,대상보통주,KOSPI
84695,대상홀딩스 1우선주,KOSPI
84690,대상홀딩스 보통주,KOSPI
36480,대성미생물연구소,KOSDAQ
128820,대성산업보통주,KOSPI
117580,대성에너지보통주,KOSPI
27830,대성창업투자,KOSDAQ
104040,대성파인텍,KOSDAQ
129920,대성하이텍,KOSDAQ
16710,대성홀딩스보통주,KOSPI
438220,대신밸런스제13호기업인수목적,KOSDAQ
442310,대신밸런스제14호기업인수목적,KOSDAQ
457390,대신밸런스제15호기업인수목적,KOSDAQ
457630,대신밸런스제16호기업인수목적,KOSDAQ
20180,대신정보통신,KOSDAQ
3545,대신증권1우선주,KOSPI
3547,대신증권2우선주(신형),KOSPI
3540,대신증권보통주,KOSPI
45390,대아티아이,KOSDAQ
9190,대양금속보통주,KOSPI
108380,대양전기공업,KOSDAQ
6580,대양제지공업,KOSDAQ
14160,대영포장보통주,KOSPI
47040,대우건설보통주,KOSPI
9320,대우전자부품보통주,KOSPI
3090,대웅보통주,KOSPI
69620,대웅제약보통주,KOSPI
7680,대원,KOSDAQ
430,대원강업보통주,KOSPI
48910,대원미디어,KOSDAQ
5710,대원산업,KOSDAQ
6345,대원전선1우선주,KOSPI
6340,대원전선보통주,KOSPI
3220,대원제약보통주,KOSPI
24890,대원화성보통주,KOSPI
290380,대유,KOSDAQ
2880,대유에이텍,KOSPI
290120,대유에이피,KOSDAQ
300,대유플러스보통주,KOSPI
120240,대정화금,KOSDAQ
3310,대주산업,KOSDAQ
114920,대주이엔티 주식회사,KONEX
78600,대주전자재료,KOSDAQ
15230,대창단조보통주,KOSPI
12800,대창보통주,KOSPI
96350,대창솔루션,KOSDAQ
140520,대창스틸,KOSDAQ
131220,대한과학,KOSDAQ
10170,대한광통신,KOSDAQ
54670,대한뉴팜,KOSDAQ
1070,대한방직보통주,KOSPI
23910,대한약품공업,KOSDAQ
6650,대한유화보통주,KOSPI
1440,대한전선보통주,KOSPI
84010,대한제강 보통주,KOSPI
1795,대한제당1우선주,KOSPI
1790,대한제당보통주,KOSPI
1130,대한제분보통주,KOSPI
3495,대한항공1우선주,KOSPI
3490,대한항공보통주,KOSPI
5880,대한해운보통주,KOSPI
3830,대한화섬보통주,KOSPI
16090,대현보통주,KOSPI
69460,대호에이엘보통주,KOSPI
21040,대호특수강,KOSDAQ
21045,대호특수강1우선주,KOSDAQ
67080,대화제약,KOSDAQ
161570,더 미동,KOSDAQ
298540,더네이쳐홀딩스,KOSDAQ
32860,더라미,KOSDAQ
192080,더블유게임즈보통주,KOSPI
393890,더블유씨피,KOSDAQ
299170,더블유에스아이,KOSDAQ
89230,더이앤엠,KOSDAQ
12510,더존비즈온보통주,KOSPI
224060,더코디,KOSDAQ
302920,더콘텐츠온,KONEX
213420,덕산네오룩스,KOSDAQ GLOBAL
317330,덕산테코피아,KOSDAQ
77360,덕산하이메탈,KOSDAQ
4835,덕성1우선주,KOSPI
4830,덕성보통주,KOSPI
90410,덕신하우징,KOSDAQ
24900,덕양산업보통주,KOSPI
263600,덕우전자,KOSDAQ
194480,데브시스터즈,KOSDAQ
263800,데이타솔루션,KOSDAQ
199150,데이터스트림즈,KONEX
206560,덱스터스튜디오,KOSDAQ
261200,덴티스,KOSDAQ
145720,덴티움보통주,KOSPI
227420,도부마스크,KONEX
67990,도이치모터스,KOSDAQ
2150,도화엔지니어링보통주,KOSPI
6620,동구바이오제약,KOSDAQ
5160,동국산업,KOSDAQ
460850,동국씨엠보통주,KOSPI
75970,동국알앤에스,KOSDAQ
100130,동국에스엔씨,KOSDAQ
460860,동국제강보통주,KOSPI
86450,동국제약,KOSDAQ GLOBAL
1230,동국홀딩스보통주,KOSPI
4140,동방보통주,KOSPI
99410,동방선기,KOSDAQ
7590,동방아그로보통주,KOSPI
5965,동부건설1우선주,KOSPI
5960,동부건설보통주,KOSPI
26960,동서보통주,KOSPI
2210,동성제약보통주,KOSPI
102260,동성케미컬보통주,KOSPI
33500,동성화인텍,KOSDAQ
25950,동신건설,KOSDAQ
640,동아쏘시오홀딩스보통주,KOSPI
170900,동아에스티보통주,KOSPI
88130,동아엘텍,KOSDAQ
28100,동아지질보통주,KOSPI
282690,동아타이어공업보통주,KOSPI
41930,동아화성,KOSDAQ
1525,동양1우선주,KOSPI
1527,동양2우선주(신형),KOSPI
84670,동양고속보통주,KOSPI
1520,동양보통주,KOSPI
82640,동양생명보험보통주,KOSPI
60380,동양에스텍,KOSDAQ
79960,동양이엔피,KOSDAQ
8970,동양철관보통주,KOSPI
228340,동양파일,KOSDAQ
92780,동양피스톤보통주,KOSPI
88910,동우팜투테이블,KOSDAQ
94170,동운아나텍,KOSDAQ
49770,동원F&B보통주,KOSPI
13120,동원개발,KOSDAQ
18500,동원금속보통주,KOSPI
6040,동원산업보통주,KOSPI
30720,동원수산보통주,KOSPI
14825,동원시스템즈1우선주,KOSPI
14820,동원시스템즈보통주,KOSPI
111380,동인기연보통주,KOSPI
163560,동일고무벨트보통주,KOSPI
109860,동일금속,KOSDAQ
32960,동일기연,KOSDAQ
4890,동일산업보통주,KOSPI
2690,동일제강보통주,KOSPI
23790,동일철강,KOSDAQ
5290,동진쎄미켐,KOSDAQ
25900,동화기업,KOSDAQ
20,동화약품보통주,KOSPI
155,두산1우선주,KOSPI
157,두산2우선주(신형),KOSPI
454910,두산로보틱스보통주,KOSPI
241560,두산밥캣보통주,KOSPI
150,두산보통주,KOSPI
34020,두산에너빌리티보통주,KOSPI
131970,두산테스나,KOSDAQ
33626K,두산퓨얼셀1우선주,KOSPI
33626L,두산퓨얼셀2우선주(신형),KOSPI
336260,두산퓨얼셀보통주,KOSPI
16740,두올보통주,KOSPI
73190,듀오백,KOSDAQ
176750,듀켐바이오,KONEX
30350,드래곤플라이,KOSDAQ
203650,드림시큐리티,KOSDAQ
223250,드림씨아이에스,KOSDAQ
60570,드림어스컴퍼니,KOSDAQ
192650,드림텍보통주,KOSPI
217620,디딤이앤에프,KOSDAQ
16670,디모아,KOSDAQ
187870,디바이스이엔지,KOSDAQ
456440,디비금융제11호기업인수목적,KOSDAQ
66670,디스플레이테크,KOSDAQ
24090,디씨엠보통주,KOSPI
3160,디아이보통주,KOSPI
92200,디아이씨 보통주,KOSPI
110990,디아이티,KOSDAQ
4840,디알비동일보통주,KOSPI
263690,디알젬,KOSDAQ
214680,디알텍,KOSDAQ
377190,디앤디플랫폼리츠보통주,KOSPI
263720,디앤씨미디어,KOSDAQ
376300,디어유,KOSDAQ
241520,디에스씨인베스트먼트,KOSDAQ
109740,디에스케이,KOSDAQ
25440,디에이치오토웨어,KOSDAQ
196490,디에이테크놀로지,KOSDAQ
66900,디에이피,KOSDAQ
180400,디엑스앤브이엑스,KOSDAQ
127120,디엔에이링크,KOSDAQ
92070,디엔에프,KOSDAQ
7340,디엔오토모티브보통주,KOSPI
68790,디엠에스,KOSDAQ
39840,디오,KOSDAQ
219550,디와이디,KOSDAQ
13570,디와이보통주,KOSPI
310870,디와이씨,KOSDAQ
210540,디와이파워보통주,KOSPI
104460,디와이피엔에프,KOSDAQ
79810,디이엔티,KOSDAQ
113810,디젠스,KOSDAQ
43360,디지아이,KOSDAQ
197140,디지캡,KOSDAQ
68930,디지털대성,KOSDAQ
33130,디지틀조선일보,KOSDAQ
60900,디지피,KOSDAQ
105740,디케이락,KOSDAQ
263020,디케이앤디,KOSDAQ
290550,디케이티,KOSDAQ
187220,디티앤씨,KOSDAQ
383930,디티앤씨알오,KOSDAQ
163430,디피코,KONEX
131180,딜리,KOSDAQ
315640,딥노이드,KOSDAQ
317120,라닉스,KOSDAQ
42510,라온시큐어,KOSDAQ
232680,라온테크,KOSDAQ
418420,라온텍,KOSDAQ
300120,라온피플,KOSDAQ
171120,라이온켐텍,KOSDAQ
388790,라이콤,KOSDAQ
69540,라이트론,KOSDAQ
347700,라이프시맨틱스,KOSDAQ
214260,라파스,KOSDAQ
403360,라피치,KONEX
115390,락앤락보통주,KOSPI
200350,래몽래인,KOSDAQ
171010,램테크놀러지,KOSDAQ
84650,랩지노믹스,KOSDAQ
217500,러셀,KOSDAQ
92590,럭스피아,KONEX
141080,레고켐바이오사이언스,KOSDAQ GLOBAL
38390,레드캡투어,KOSDAQ
294140,레몬,KOSDAQ
443250,레뷰코퍼레이션,KOSDAQ
228670,레이,KOSDAQ
228850,레이언스,KOSDAQ
412350,레이저쎌,KOSDAQ
281740,레이크머티리얼즈,KOSDAQ
277810,레인보우로보틱스,KOSDAQ
179720,렌딩머신,KONEX
215100,로보로보,KOSDAQ
90360,로보스타,KOSDAQ
238500,로보쓰리에이아이앤로보틱스,KONEX
108490,로보티즈,KOSDAQ
900260,로스웰인터내셔널,KOSDAQ
223220,로지스몬,KONEX
67730,로지시스,KOSDAQ
71280,로체시스템즈,KOSDAQ
32350,롯데관광개발 보통주,KOSPI
89860,롯데렌탈보통주,KOSPI
330590,롯데리츠보통주,KOSPI
400,롯데손해보험보통주,KOSPI
23530,롯데쇼핑 보통주,KOSPI
20150,롯데에너지머티리얼즈보통주,KOSPI
280360,롯데웰푸드보통주,KOSPI
4000,롯데정밀화학보통주,KOSPI
286940,롯데정보통신보통주,KOSPI
00499K,롯데지주1우선주,KOSPI
4990,롯데지주보통주,KOSPI
5305,롯데칠성음료1우선주,KOSPI
5300,롯데칠성음료보통주,KOSPI
11170,롯데케미칼보통주,KOSPI
71840,롯데하이마트보통주,KOSPI
328130,루닛,KOSDAQ
38060,루멘스,KOSDAQ
162120,루켄테크놀러지스,KONEX
253610,루트락,KONEX
60240,룽투코리아,KOSDAQ
58470,리노공업,KOSDAQ GLOBAL
39980,리노스,KOSDAQ
19570,리더스 기술투자,KOSDAQ
16100,리더스코스메틱,KOSDAQ
12700,리드코프,KOSDAQ
302550,리메드,KOSDAQ
73570,리튬포어스,KOSDAQ
377450,리파인,KOSDAQ
277070,린드먼아시아인베스트먼트,KOSDAQ
42500,링네트,KOSDAQ
219420,링크제니시스,KOSDAQ
439090,마녀공장,KOSDAQ
27740,마니커보통주,KOSPI
195500,마니커에프앤지,KOSDAQ
357430,마스턴프리미어리츠보통주,KOSPI
377480,마음에이아이,KOSDAQ
305090,마이크로디지탈,KOSDAQ
448780,마이크로엔엑스,KONEX
424980,마이크로투나노,KOSDAQ
169330,마크로밀엠브레인,KOSDAQ
38290,마크로젠,KOSDAQ
1080,만호제강보통주,KOSPI
267980,매일유업,KOSDAQ GLOBAL
5990,매일홀딩스,KOSDAQ
93520,매커스,KOSDAQ
377030,맥스트,KOSDAQ
88980,맥쿼리한국인프라투융자회사 보통주,KOSPI
100590,머큐리,KOSDAQ
67280,멀티캠퍼스,KOSDAQ
72870,메가스터디,KOSDAQ
215200,메가스터디교육,KOSDAQ GLOBAL
133750,메가엠디,KOSDAQ
446540,메가터치,KOSDAQ
235980,메드팩토,KOSDAQ
200580,메디쎄이,KONEX
41920,메디아나,KOSDAQ
233250,메디안디노스틱,KONEX
14100,메디앙스,KOSDAQ
236340,메디젠휴먼케어,KONEX
54180,메디콕스,KOSDAQ
86900,메디톡스,KOSDAQ
78160,메디포스트,KOSDAQ
65650,메디프론디비티,KOSDAQ
138040,메리츠금융지주회사보통주,KOSPI
408920,메쎄이상,KOSDAQ
21880,메이슨캐피탈,KOSDAQ
140410,메지온,KOSDAQ
241770,메카로,KOSDAQ
90370,메타랩스보통주,KOSPI
59210,메타바이오메드,KOSDAQ
58110,멕아이씨에스,KOSDAQ
17180,명문제약 보통주,KOSPI
9900,명신산업보통주,KOSPI
12690,모나리자보통주,KOSPI
5360,모나미보통주,KOSPI
434480,모니터랩,KOSDAQ
80420,모다이노칩,KOSDAQ
417970,모델솔루션,KOSDAQ
80160,모두투어네트워크,KOSDAQ
204210,모두투어리츠보통주,KOSPI
87260,모바일어플라이언스,KOSDAQ
101330,모베이스,KOSDAQ
12860,모베이스전자,KOSDAQ
363260,모비데이즈,KOSDAQ
348030,모비릭스,KOSDAQ
250060,모비스,KOSDAQ
288980,모아데이타,KOSDAQ
33200,모아텍,KOSDAQ
333050,모코엠시스,KOSDAQ
9680,모토닉보통주,KOSPI
118990,모트렉스,KOSDAQ
6920,모헨즈,KOSDAQ
38340,무궁화인포메이션테크놀로지,KOSDAQ
1810,무림에스피,KOSDAQ
9200,무림페이퍼보통주,KOSPI
9580,무림피앤피보통주,KOSPI
322970,무진메디,KONEX
33920,무학보통주,KOSPI
8420,문배철강보통주,KOSPI
279600,미디어젠,KOSDAQ
95500,미래나노텍,KOSDAQ
254490,미래반도체,KOSDAQ
25560,미래산업보통주,KOSPI
218150,미래생명자원,KOSDAQ
7120,미래아이앤지보통주,KOSPI
396690,미래에셋글로벌리츠보통주,KOSPI
442900,미래에셋드림기업인수목적1호 주식회사,KOSDAQ
357250,미래에셋맵스리츠보통주,KOSPI
94800,미래에셋맵스아시아퍼시픽부동산공모1호,KOSPI
100790,미래에셋벤처투자,KOSDAQ
412930,미래에셋비전기업인수목적1호,KOSDAQ
446190,미래에셋비전기업인수목적2호,KOSDAQ
448830,미래에셋비전기업인수목적3호,KOSDAQ
85620,미래에셋생명보험보통주,KOSPI
6805,미래에셋증권1우선주,KOSPI
00680K,미래에셋증권2우선주(신형),KOSPI
6800,미래에셋증권보통주,KOSPI
208890,미래엔에듀파트너,KONEX
49950,미래컴퍼니,KOSDAQ
207760,미스터블루,KOSDAQ
2840,미원상사보통주,KOSPI
268280,미원스페셜티케미칼보통주,KOSPI
107590,미원홀딩스 보통주,KOSPI
134380,미원화학보통주,KOSPI
351020,미쥬,KONEX
3650,미창석유공업보통주,KOSPI
59090,미코,KOSDAQ
214610,미코바이오메드,KOSDAQ
201490,미투온,KOSDAQ
418470,밀리의서재,KOSDAQ
206640,바디텍메드,KOSDAQ
18700,바른손,KOSDAQ
35620,바른손이앤에이,KOSDAQ
354390,바스칸바이오제약,KONEX
53030,바이넥스,KOSDAQ
301300,바이브컴퍼니,KOSDAQ
377740,바이오노트보통주,KOSPI
64550,바이오니아,KOSDAQ
314930,바이오다인,KOSDAQ
208710,바이오로그디바이스,KOSDAQ
86820,바이오솔루션,KOSDAQ
38460,바이오스마트,KOSDAQ
251120,바이오에프디엔씨,KOSDAQ
199730,바이오인프라,KOSDAQ
266470,바이오인프라생명과학,KONEX
289170,바이오텐,KONEX
86040,바이오톡스텍,KOSDAQ
199290,바이오프로테크,KONEX
99430,바이오플러스,KOSDAQ
32980,바이온,KOSDAQ
308080,바이젠셀,KOSDAQ
43150,바텍,KOSDAQ
323990,박셀바이오,KOSDAQ
3610,방림보통주,KOSPI
267790,배럴,KOSDAQ
1340,백광산업보통주,KOSPI
46310,백금티앤에이,KOSDAQ
35150,백산보통주,KOSPI
331520,밸로프,KOSDAQ
438700,버넥트,KOSDAQ
66410,버킷스튜디오,KOSDAQ
2410,범양건영보통주,KOSPI
382900,범한퓨얼셀,KOSDAQ
206400,베노티앤알,KOSDAQ
19010,베뉴지,KOSDAQ
322190,베른,KONEX
177350,베셀,KOSDAQ
299910,베스파,KOSDAQ
424760,벨로크,KOSDAQ
7210,벽산보통주,KOSPI
225530,보광산업,KOSDAQ
250000,보라티알,KOSDAQ
2760,보락보통주,KOSPI
3850,보령보통주,KOSPI
310210,보로노이,KOSDAQ
6910,보성파워텍,KOSDAQ
890,보해양조보통주,KOSPI
226340,본느,KOSDAQ
206950,볼빅,KONEX
8470,부-스타,KOSDAQ
3000,부광약품보통주,KOSPI
1275,부국증권1우선주,KOSPI
1270,부국증권보통주,KOSPI
26940,부국철강 보통주,KOSPI
14470,부방,KOSDAQ
11390,부산산업보통주,KOSPI
5030,부산주공보통주,KOSPI
338220,뷰노,KOSDAQ
100120,뷰웍스,KOSDAQ
406820,뷰티스킨,KOSDAQ
337930,브랜드엑스코퍼레이션,KOSDAQ
99390,브레인즈컴퍼니,KOSDAQ
64480,브리지텍,KOSDAQ
288330,브릿지바이오테라퓨틱스,KOSDAQ
365900,브이씨,KOSDAQ
251630,브이원텍,KOSDAQ
18290,브이티,KOSDAQ
44480,블레이드엔터테인먼트,KOSDAQ
439580,블루엠텍,KOSDAQ
33560,블루콤,KOSDAQ
191600,블루탑,KONEX
369370,블리츠웨이,KOSDAQ
126340,비나텍,KOSDAQ
121800,비덴트,KOSDAQ
148140,비디아이,KOSDAQ
82800,비보존제약,KOSDAQ
318410,비비씨,KOSDAQ
2070,비비안보통주,KOSPI
100220,비상교육 보통주,KOSPI
419540,비스토스,KOSDAQ
146320,비씨엔씨,KOSDAQ
200780,비씨월드제약,KOSDAQ
413640,비아이매트릭스,KOSDAQ
141000,비아트론,KOSDAQ
90460,비에이치보통주,KOSPI
83650,비에이치아이,KOSDAQ
445360,비엔케이제1호기업인수목적,KOSDAQ
142760,비엘,KOSDAQ
65170,비엘팜텍,KOSDAQ
86220,비엘헬스케어,KONEX
86670,비엠티,KOSDAQ
335890,비올,KOSDAQ
230980,비유테크놀러지,KOSDAQ
138580,비즈니스온커뮤니케이션,KOSDAQ
126600,비지에프에코머티리얼즈,KOSDAQ
82920,비츠로셀,KOSDAQ
54220,비츠로시스,KOSDAQ
42370,비츠로테크,KOSDAQ
30790,비케이탑스보통주,KOSPI
50090,비케이홀딩스,KOSDAQ
307870,비투엔,KOSDAQ
357880,비트나인,KOSDAQ
32850,비트컴퓨터,KOSDAQ
148780,비플라이소프트,KOSDAQ
238200,비피도,KOSDAQ
93190,빅솔론,KOSDAQ
65450,빅텍,KOSDAQ
210120,빅토리콘텐츠,KOSDAQ
5180,빙그레보통주,KOSPI
72950,빛샘전자,KOSDAQ
266170,뿌리깊은나무들,KONEX
143240,사람인,KOSDAQ
3960,사조대림보통주,KOSPI
8040,사조동아원보통주,KOSPI
7160,사조산업보통주,KOSPI
14710,사조씨푸드보통주,KOSPI
6090,사조오양보통주,KOSPI
419120,산돌,KOSDAQ
122350,삼기,KOSDAQ
419050,삼기이브이,KOSDAQ
14970,삼륭물산,KOSDAQ
18310,삼목에스폼,KOSDAQ
12210,삼미금속,KONEX
53700,삼보모터스,KOSDAQ
9620,삼보산업,KOSDAQ
23600,삼보판지,KOSDAQ
1470,삼부토건보통주,KOSPI
448730,삼성FN리츠보통주,KOSPI
6405,삼성SDI1우선주,KOSPI
6400,삼성SDI보통주,KOSPI
6660,삼성공조보통주,KOSPI
425290,삼성기업인수목적6호,KOSDAQ
439250,삼성기업인수목적7호,KOSDAQ
448740,삼성기업인수목적8호,KOSDAQ
468510,삼성기업인수목적9호,KOSDAQ
380320,삼성머스트기업인수목적5호,KOSDAQ
02826K,삼성물산1우선주(신형),KOSPI
28260,삼성물산보통주,KOSPI
207940,삼성바이오로직스보통주,KOSPI
32830,삼성생명보험보통주,KOSPI
18260,삼성에스디에스보통주,KOSPI
28050,삼성엔지니어링보통주,KOSPI
9155,삼성전기1우선주,KOSPI
9150,삼성전기보통주,KOSPI
5935,삼성전자1우선주,KOSPI
5930,삼성전자보통주,KOSPI
1360,삼성제약,KOSPI
10140,삼성중공업보통주,KOSPI
16360,삼성증권보통주,KOSPI
68290,삼성출판사보통주,KOSPI
29780,삼성카드 보통주,KOSPI
815,삼성화재해상보험1우선주,KOSPI
810,삼성화재해상보험보통주,KOSPI
6110,삼아알미늄보통주,KOSPI
9300,삼아제약,KOSDAQ
145995,삼양사1우선주,KOSPI
145990,삼양사보통주,KOSPI
3230,삼양식품보통주,KOSPI
225190,삼양옵틱스,KOSDAQ
2170,삼양통상보통주,KOSPI
272550,삼양패키징보통주,KOSPI
75,삼양홀딩스1우선주,KOSPI
70,삼양홀딩스보통주,KOSPI
60310,삼에스코리아,KOSDAQ
2810,삼영무역보통주,KOSPI
3720,삼영보통주,KOSPI
361670,삼영에스앤씨,KOSDAQ
54540,삼영엠텍,KOSDAQ
65570,삼영이엔씨,KOSDAQ
5680,삼영전자공업보통주,KOSPI
23000,삼원강재 보통주,KOSPI
4380,삼익THK보통주,KOSPI
2450,삼익악기보통주,KOSPI
32280,삼일,KOSDAQ
2290,삼일기업공사,KOSDAQ
4440,삼일씨엔에스보통주,KOSPI
520,삼일제약보통주,KOSPI
9770,삼정펄프 보통주,KOSPI
37460,삼지전자,KOSDAQ
32750,삼진,KOSDAQ
54090,삼진엘앤디,KOSDAQ
5500,삼진제약보통주,KOSPI
250,삼천당제약,KOSDAQ
4690,삼천리보통주,KOSPI
24950,삼천리자전거,KOSDAQ
38500,삼표시멘트,KOSDAQ
17480,삼현철강,KOSDAQ
10960,삼호개발 보통주,KOSPI
46390,삼화네트웍스,KOSDAQ
4450,삼화왕관보통주,KOSPI
9470,삼화전기보통주,KOSPI
11230,삼화전자공업보통주,KOSPI
1820,삼화콘덴서공업보통주,KOSPI
390,삼화페인트공업보통주,KOSPI
27580,상보,KOSDAQ
38540,상상인,KOSDAQ
101000,상상인인더스트리,KOSDAQ
415580,상상인제3호기업인수목적,KOSDAQ
452670,상상인제4호기업인수목적,KOSDAQ
1290,상상인증권보통주,KOSPI
41650,상신브레이크보통주,KOSPI
91580,상신이디피,KOSDAQ
263810,상신전자,KOSDAQ
89980,상아프론테크,KOSDAQ
42940,상지카일룸,KOSDAQ
42600,새로닉스,KOSDAQ
75180,새론오토모티브,KOSPI
107600,새빗켐,KOSDAQ
411080,샌즈랩,KOSDAQ
252990,샘씨엔에스,KOSDAQ
7540,샘표보통주,KOSPI
248170,샘표식품보통주,KOSPI
378800,샤페론,KOSDAQ
294630,서남,KOSDAQ
38070,서린바이오사이언스,KOSDAQ
6730,서부티엔디,KOSDAQ
79650,서산,KOSDAQ
100660,서암기계공업,KOSDAQ
7860,서연보통주,KOSPI
200880,서연이화보통주,KOSPI
19770,서연탑메탈,KOSDAQ
17390,서울도시가스보통주,KOSPI
43710,서울리거,KOSDAQ
92190,서울바이오시스,KOSDAQ
46890,서울반도체,KOSDAQ GLOBAL
4415,서울식품공업1우선주,KOSPI
4410,서울식품공업보통주,KOSPI
63170,서울옥션,KOSDAQ
27040,서울전자통신,KOSDAQ
18680,서울제약,KOSDAQ
21050,서원보통주,KOSPI
93920,서원인텍,KOSDAQ
189860,서전기전,KOSDAQ
178320,서진시스템,KOSDAQ
122690,서진오토모티브,KOSDAQ
140070,서플러스글로벌,KOSDAQ
11370,서한,KOSDAQ
65710,서호전기,KOSDAQ
8490,서흥보통주,KOSPI
35890,서희건설,KOSDAQ
357550,석경에이티,KOSDAQ
3100,선광,KOSDAQ
7610,선도전기보통주,KOSPI
67370,선바이오,KOSDAQ
2820,선앤엘보통주,KOSPI
171090,선익시스템,KOSDAQ
136490,선진보통주,KOSPI
86710,선진뷰티사이언스,KOSDAQ
14620,성광벤드,KOSDAQ
37350,성도이엔지,KOSDAQ
14915,성문전자1우선주,KOSPI
14910,성문전자보통주,KOSPI
3080,성보화학보통주,KOSPI
4985,성신양회1우선주,KOSPI
4980,성신양회보통주,KOSPI
11300,성안보통주,KOSPI
81580,성우전자,KOSDAQ
45300,성우테크론,KOSDAQ
15750,성우하이텍,KOSDAQ
365340,성일하이텍,KOSDAQ
180,성창기업지주보통주,KOSPI
80470,성창오토텍,KOSDAQ
43260,성호전자,KOSDAQ
148150,세경하이테크,KOSDAQ
2420,세기상사보통주,KOSPI
188260,세니젠,KOSDAQ
53060,세동,KOSDAQ
340440,세림비앤지,KOSDAQ
17510,세명전기공업,KOSDAQ
4365,세방1우선주,KOSPI
4360,세방보통주,KOSPI
4490,세방전지보통주,KOSPI
11560,세보엠이씨,KOSDAQ
267080,세븐브로이맥주,KONEX
396300,세아메카닉스,KOSDAQ
1430,세아베스틸지주보통주,KOSPI
306200,세아제강보통주,KOSPI
3030,세아제강지주보통주,KOSPI
19440,세아특수강보통주,KOSPI
58650,세아홀딩스보통주,KOSPI
13000,세우글로벌보통주,KOSPI
100700,세운메디칼,KOSDAQ
24830,세원물산,KOSDAQ
91090,세원이앤씨보통주,KOSPI
21820,세원정공보통주,KOSPI
67830,세이브존I&C보통주,KOSPI
33530,세종공업보통주,KOSPI
258830,세종메디칼,KOSDAQ
36630,세종텔레콤,KOSDAQ
39310,세중,KOSDAQ
75580,세진중공업보통주,KOSPI
67770,세진티에스,KOSDAQ
53450,세코닉스,KOSDAQ
222810,세토피아,KOSDAQ
252500,세화피앤씨,KOSDAQ
321370,센서뷰,KOSDAQ
347000,센코,KOSDAQ
331920,셀레믹스,KOSDAQ
49180,셀루메드,KOSDAQ
299660,셀리드,KOSDAQ
268600,셀리버리,KOSDAQ
108860,셀바스에이아이,KOSDAQ
208370,셀바스헬스케어,KOSDAQ
318160,셀바이오휴먼텍,KOSDAQ
258250,셀젠텍,KONEX
68270,셀트리온보통주,KOSPI
68760,셀트리온제약,KOSDAQ
68940,셀피글로벌,KOSDAQ
60230,소니드,KOSDAQ
290690,소룩스,KOSDAQ
950200,소마젠,KOSDAQ
32680,소프트센,KOSDAQ
32685,소프트센1우선주,KOSDAQ
258790,소프트캠프,KOSDAQ
66910,손오공,KOSDAQ
43100,솔고바이오메디칼,KOSDAQ
33637K,솔루스첨단소재1우선주,KOSPI
33637L,솔루스첨단소재2우선주(신형),KOSPI
336370,솔루스첨단소재보통주,KOSPI
248070,솔루엠보통주,KOSPI
35610,솔본,KOSDAQ
357780,솔브레인,KOSDAQ
36830,솔브레인홀딩스,KOSDAQ GLOBAL
304100,솔트룩스,KOSDAQ
328380,솔트웨어,KOSDAQ
4430,송원산업보통주,KOSPI
86980,쇼박스,KOSDAQ
50960,수산아이앤티,KOSDAQ
126720,수산인더스트리보통주,KOSPI
17550,수산중공업보통주,KOSPI
84180,수성샐바시온,KOSDAQ
253840,수젠텍,KOSDAQ
298830,슈어소프트테크,KOSDAQ
236200,슈프리마,KOSDAQ
94840,슈프리마에이치큐,KOSDAQ
192440,슈피겐코리아,KOSDAQ
424960,스마트레이더시스템,KOSDAQ
136510,스마트솔루션즈,KOSDAQ
99440,스맥,KOSDAQ
33790,스카이문스테크놀로지,KOSDAQ
276040,스코넥엔터테인먼트,KOSDAQ
159910,스킨앤스킨,KOSDAQ
115570,스타플렉스,KOSDAQ
330730,스톤브릿지벤처스,KOSDAQ
352090,스톰테크,KOSDAQ
204630,스튜디오 산타클로스 엔터테인먼트,KOSDAQ
253450,스튜디오드래곤 주식회사,KOSDAQ
408900,스튜디오미르,KOSDAQ
26890,스틱인베스트먼트보통주,KOSPI
13810,스페코,KOSDAQ
203690,스피어파워,KOSDAQ
49830,승일,KOSDAQ
20710,시공테크,KOSDAQ
33170,시그네틱스,KOSDAQ
48870,시너지이노베이션,KOSDAQ
25320,시노펙스,KOSDAQ
134790,시디즈보통주,KOSPI
269620,시스웍,KOSDAQ
480,시알홀딩스보통주,KOSPI
429270,시지트로닉스,KOSDAQ
418250,시큐레터,KOSDAQ
131090,시큐브,KOSDAQ
232830,시큐센,KOSDAQ
139050,시티랩스,KOSDAQ
16590,신대양제지보통주,KOSPI
290520,신도기연,KOSDAQ
29530,신도리코보통주,KOSPI
4970,신라교역보통주,KOSPI
1000,신라섬유,KOSDAQ
25870,신라에스지,KOSDAQ
215600,신라젠,KOSDAQ
65350,신성델타테크,KOSDAQ
416180,신성에스티,KOSDAQ
11930,신성이엔지보통주,KOSPI
5390,신성통상보통주,KOSPI
34300,신세계건설,KOSPI
4170,신세계보통주,KOSPI
35510,신세계아이앤씨 보통주,KOSPI
31430,신세계인터내셔날보통주,KOSPI
31440,신세계푸드보통주,KOSPI
6880,신송홀딩스보통주,KOSPI
162300,신스틸,KOSDAQ
290560,신시웨이,KOSDAQ
2800,신신제약,KOSDAQ
5800,신영와코루보통주,KOSPI
1725,신영증권1우선주,KOSPI
1720,신영증권보통주,KOSPI
419270,신영해피투모로우제7호기업인수목적,KOSDAQ
430220,신영해피투모로우제8호기업인수목적,KOSDAQ
445970,신영해피투모로우제9호기업인수목적,KOSDAQ
9270,신원보통주,KOSPI
17000,신원종합개발,KOSDAQ
2700,신일전자보통주,KOSPI
12790,신일제약,KOSDAQ
138070,신진에스엠,KOSDAQ
226330,신테카바이오,KOSDAQ
2870,신풍보통주,KOSPI
19175,신풍제약1우선주,KOSPI
19170,신풍제약보통주,KOSPI
55550,신한금융지주회사보통주,KOSPI
404990,신한서부티엔디리츠보통주,KOSPI
293940,신한알파리츠보통주,KOSPI
418210,신한제10호기업인수목적,KOSDAQ
452980,신한제11호기업인수목적,KOSDAQ
393360,신한제8호기업인수목적,KOSDAQ
405640,신한제9호기업인수목적,KOSDAQ
56700,신화인터텍,KOSDAQ
187270,신화콘텍,KOSDAQ
4080,신흥보통주,KOSPI
243840,신흥에스이씨,KOSDAQ
257720,실리콘투,KOSDAQ
222800,심텍,KOSDAQ
36710,심텍홀딩스,KOSDAQ
160980,싸이맥스,KOSDAQ
356890,싸이버원,KOSDAQ
217330,싸이토젠,KOSDAQ
102280,쌍방울,KOSPI
3410,쌍용C&E보통주,KOSPI
10280,쌍용정보통신,KOSDAQ
4770,써니전자보통주,KOSPI
217320,썬테크,KONEX
208640,썸에이지,KOSDAQ
222420,쎄노텍,KOSDAQ
37760,쎄니트,KOSDAQ
99320,쎄트렉아이,KOSDAQ
49960,쎌바이오텍,KOSDAQ
88280,쏘닉스,KOSDAQ
403550,쏘카보통주,KOSPI
50890,쏠리드,KOSDAQ
13720,씨비아이,KOSDAQ
109670,씨싸이트,KOSDAQ
66790,씨씨에스충북방송,KOSDAQ
222080,씨아이에스,KOSDAQ
4920,씨아이테크보통주,KOSPI
236030,씨알푸드,KONEX
103660,씨앗,KONEX
352480,씨앤씨인터내셔널,KOSDAQ
245450,씨앤에스링크,KONEX
23460,씨앤에이치,KOSDAQ
264660,씨앤지하이테크,KOSDAQ
352700,씨앤투스,KOSDAQ
56730,씨앤티85,KOSDAQ
65770,씨에스,KOSDAQ
297090,씨에스베어링,KOSDAQ
83660,씨에스에이코스믹,KOSDAQ
112610,씨에스윈드보통주,KOSPI
900120,씨엑스아이헬스케어테크놀리지그룹리미티드,KOSDAQ
359090,씨엔알리서치,KOSDAQ
286000,씨엔티드림,KONEX
115530,씨엔플러스,KOSDAQ
115480,씨유메디칼시스템,KOSDAQ
340810,씨유박스,KOSDAQ
376290,씨유테크,KOSDAQ
189330,씨이랩,KOSDAQ
120,씨제이대한통운보통주,KOSPI
311690,씨제이바이오사이언스,KOSDAQ
79160,씨제이씨지브이 보통주,KOSPI
35760,씨제이이엔엠,KOSDAQ GLOBAL
97955,씨제이제일제당 주식회사 1우선주,KOSPI
97950,씨제이제일제당 주식회사 보통주,KOSPI
51500,씨제이프레시웨이,KOSDAQ
96530,씨젠,KOSDAQ
83790,씨지인바이츠,KOSDAQ
101240,씨큐브,KOSDAQ
60590,씨티씨바이오,KOSDAQ
308170,씨티알모빌리티보통주,KOSPI
260930,씨티케이,KOSDAQ
52300,씨티프라퍼티,KOSDAQ
13990,아가방앤컴퍼니,KOSDAQ
123860,아나패스,KOSDAQ
25980,아난티,KOSDAQ
8700,아남전자보통주,KOSPI
58220,아리온테크놀로지,KOSDAQ
125210,아모그린텍,KOSDAQ
2795,아모레G1우선주,KOSPI
00279K,아모레G3우선주(전환),KOSPI
2790,아모레G보통주,KOSPI
90435,아모레퍼시픽 1우선주,KOSPI
90430,아모레퍼시픽 보통주,KOSPI
52710,아모텍,KOSDAQ
74430,아미노로직스,KOSDAQ
92040,아미코젠,KOSDAQ
83930,아바코,KOSDAQ
149950,아바텍,KOSDAQ
36010,아비코전자,KOSDAQ
2030,아세아보통주,KOSPI
183190,아세아시멘트보통주,KOSPI
2310,아세아제지보통주,KOSPI
50860,아세아텍,KOSDAQ
12170,아센디오보통주,KOSPI
136410,아셈스,KOSDAQ
246720,아스타,KOSDAQ
67390,아스트,KOSDAQ
159010,아스플로,KOSDAQ
127710,아시아경제,KOSDAQ
267850,아시아나IDT보통주,KOSPI
20560,아시아나항공 보통주,KOSPI
227610,아우딘퓨쳐스,KOSDAQ
143160,아이디스,KOSDAQ
54800,아이디스홀딩스,KOSDAQ
332370,아이디피,KOSDAQ
122900,아이마켓코리아보통주,KOSPI
339950,아이비김영,KOSDAQ
426550,아이비케이에스제19호기업인수목적,KOSDAQ
439730,아이비케이에스제20호기업인수목적,KOSDAQ
442770,아이비케이에스제21호기업인수목적,KOSDAQ
448760,아이비케이에스제22호기업인수목적,KOSDAQ
467930,아이비케이에스제23호기업인수목적,KOSDAQ
99190,아이센스,KOSDAQ
289010,아이스크림에듀,KOSDAQ
214430,아이쓰리시스템,KOSDAQ
40910,아이씨디,KOSDAQ
368600,아이씨에이치,KOSDAQ
52860,아이앤씨테크놀로지,KOSDAQ
10780,아이에스동서보통주,KOSPI
95340,아이에스시,KOSDAQ
69920,아이에스이커머스,KOSDAQ
38880,아이에이,KOSDAQ
307180,아이엘사이언스,KOSDAQ
101390,아이엠,KOSDAQ
52220,아이엠비씨,KOSDAQ
456570,아이엠지티,KONEX
451220,아이엠티,KOSDAQ
447690,아이오바이오,KONEX
78860,아이오케이컴퍼니,KOSDAQ
90150,아이윈,KOSDAQ
123010,아이윈플러스,KOSDAQ
31310,아이즈비전,KOSDAQ
185490,아이진,KOSDAQ
59100,아이컴포넌트,KOSDAQ
149010,아이케이세미콘,KONEX
262840,아이퀘스트,KOSDAQ
175250,아이큐어,KOSDAQ
52460,아이크래프트,KOSDAQ
119830,아이텍,KOSDAQ
52770,아이톡시,KOSDAQ
124500,아이티센,KOSDAQ
372800,아이티아이즈,KOSDAQ
99520,아이티엑스에이아이,KOSDAQ
84850,아이티엠반도체,KOSDAQ GLOBAL
114840,아이패밀리에스씨,KOSDAQ
139990,아주스틸보통주,KOSPI
27360,아주아이비투자,KOSDAQ
32080,아즈텍더블유비이,KOSDAQ
13310,아진산업,KOSDAQ
59120,아진엑스텍,KOSDAQ
158430,아톤,KOSDAQ
149300,아퓨어스,KONEX
67160,아프리카티비,KOSDAQ
102950,아하,KONEX
1540,안국약품,KOSDAQ
53800,안랩,KOSDAQ
251280,안지오랩,KONEX
65660,안트로젠,KOSDAQ
297570,알로이스,KOSDAQ
1780,알루코 보통주,KOSPI
260660,알리코제약,KOSDAQ
354320,알멕,KOSDAQ
361570,알비더블유,KOSDAQ
131370,알서포트,KOSDAQ
140670,알에스오토메이션,KOSDAQ
327260,알에프머트리얼즈,KOSDAQ
96610,알에프세미,KOSDAQ
218410,알에프에이치아이씨,KOSDAQ
61040,알에프텍,KOSDAQ
148250,알엔투테크놀로지,KOSDAQ
347860,알체라,KOSDAQ
196170,알테오젠,KOSDAQ GLOBAL
123750,알톤스포츠,KOSDAQ
85810,알티캐스트,KOSDAQ
117670,알파홀딩스,KOSDAQ
314140,알피바이오,KOSDAQ
291650,압타머사이언스,KOSDAQ
293780,압타바이오,KOSDAQ
18250,애경산업보통주,KOSPI
161000,애경케미칼보통주,KOSPI
390110,애니메디솔루션,KONEX
196300,애니젠,KOSDAQ
310200,애니플러스,KOSDAQ
179530,애드바이오텍,KOSDAQ
900100,애머릿지코퍼레이션,KOSDAQ
205500,액션스퀘어,KOSDAQ
52790,액토즈소프트,KOSDAQ
290740,액트로,KOSDAQ
238090,앤디포스,KOSDAQ
92600,앤씨앤,KOSDAQ
129890,앱코,KOSDAQ
174900,앱클론 주식회사,KOSDAQ
255440,야스,KOSDAQ
30960,양지사,KOSDAQ
102120,어보브반도체,KOSDAQ
263540,어스앤에어로스페이스,KOSDAQ
238120,얼라인드제네틱스,KOSDAQ
224810,엄지하우스,KONEX
19990,에너토크,KOSDAQ
11090,에넥스보통주,KOSPI
270660,에브리봇 주식회사,KOSDAQ
38680,에스넷시스템,KOSDAQ
137310,에스디바이오센서보통주,KOSPI
217480,에스디생명공학,KOSDAQ
121890,에스디시스템,KOSDAQ
99220,에스디엔,KOSDAQ
118000,에스메디보통주,KOSPI
304360,에스바이오메딕스,KOSDAQ
289080,에스브이인베스트먼트,KOSDAQ
151910,에스비더블유생명과학,KOSDAQ
389500,에스비비테크,KOSDAQ
19550,에스비아이인베스트먼트,KOSDAQ
34120,에스비에스보통주,KOSPI
42110,에스씨디,KOSDAQ
36120,에스씨아이평가정보,KOSDAQ
298060,에스씨엠생명과학,KOSDAQ
65420,에스아이리소스,KOSDAQ
270210,에스알바이오텍,KONEX
103230,에스앤더블류,KOSDAQ
260970,에스앤디,KOSDAQ
101490,에스앤에스텍,KOSDAQ
95910,에스에너지,KOSDAQ
275630,에스에스알,KOSDAQ
419530,에스에이엠지엔터테인먼트,KOSDAQ
31330,에스에이엠티,KOSDAQ
60540,에스에이티,KOSDAQ
351320,에스에이티,KOSDAQ
56190,에스에프에이,KOSDAQ GLOBAL
36540,에스에프에이반도체,KOSDAQ
80000,에스엔유프리시젼,KOSDAQ
91340,에스엔케이폴리텍,KOSDAQ
5850,에스엘보통주,KOSPI
214310,에스엘에너지,KOSDAQ
246250,에스엘에스바이오,KOSDAQ
258540,에스엘테라퓨틱스,KONEX
63440,에스엠라이프디자인그룹,KOSDAQ
10580,에스엠벡셀보통주,KOSPI
299670,에스엠비나,KONEX
41510,에스엠엔터테인먼트,KOSDAQ
48550,에스엠컬처앤콘텐츠,KOSDAQ
7820,에스엠코어,KOSDAQ
109610,에스와이,KOSDAQ
365330,에스와이스틸텍,KOSDAQ
12750,에스원보통주,KOSPI
31860,에스유홀딩스,KOSDAQ
306040,에스제이그룹,KOSDAQ
217910,에스제이켐,KONEX
4060,에스지세계물산보통주,KOSPI
16250,에스지씨이테크건설,KOSDAQ
49470,에스지에이,KOSDAQ
184230,에스지에이 솔루션즈,KOSDAQ
40610,에스지엔지,KOSDAQ
255220,에스지이,KOSDAQ
6125,에스케이디스커버리1우선주,KOSPI
6120,에스케이디스커버리보통주,KOSPI
68400,에스케이렌터카보통주,KOSPI
302440,에스케이바이오사이언스보통주,KOSPI
326030,에스케이바이오팜보통주,KOSPI
224020,에스케이씨에스,KONEX
457940,에스케이증권제10호기업인수목적,KOSDAQ
435870,에스케이증권제8호기업인수목적,KOSDAQ
455910,에스케이증권제9호기업인수목적,KOSDAQ
660,에스케이하이닉스보통주,KOSPI
96630,에스코넥,KOSDAQ
69510,에스텍,KOSDAQ
41910,에스텍파마,KOSDAQ
234300,에스트래픽,KOSDAQ
39440,에스티아이,KOSDAQ
98660,에스티오,KOSDAQ
52020,에스티큐브,KOSDAQ
237690,에스티팜,KOSDAQ GLOBAL
50760,에스폴리텍,KOSDAQ
288620,에스퓨얼셀,KOSDAQ
317830,에스피시스템스,KOSDAQ
58610,에스피지,KOSDAQ
43340,에쎈테크,KOSDAQ
23960,에쓰씨엔지니어링보통주,KOSPI
298690,에어부산보통주,KOSPI
187660,에이디엠코리아,KOSDAQ
54630,에이디칩스,KOSDAQ
200710,에이디테크놀로지,KOSDAQ
96690,에이루트,KOSDAQ
78520,에이블씨엔씨보통주,KOSPI
298380,에이비엘바이오,KOSDAQ
203400,에이비온,KOSDAQ
195990,에이비프로바이오,KOSDAQ
3800,에이스침대,KOSDAQ
88800,에이스테크놀로지,KOSDAQ
241840,에이스토리,KOSDAQ
311960,에이아이더뉴트리진,KONEX
453860,에이에스텍,KOSDAQ
312610,에이에프더블류,KOSDAQ
15260,에이엔피보통주,KOSPI
172670,에이엘티,KOSDAQ
234070,에이원알폼,KONEX
140910,에이자기관리부동산투자회사보통주,KOSPI
445090,에이직랜드,KOSDAQ
39570,에이치디씨랩스보통주,KOSPI
89470,에이치디씨현대이피보통주,KOSPI
9540,에이치디한국조선해양보통주,KOSPI
267270,에이치디현대건설기계보통주,KOSPI
267250,에이치디현대보통주,KOSPI
322000,에이치디현대에너지솔루션보통주,KOSPI
42670,에이치디현대인프라코어보통주,KOSPI
267260,에이치디현대일렉트릭보통주,KOSPI
329180,에이치디현대중공업보통주,KOSPI
297890,에이치비솔루션,KOSDAQ
78150,에이치비테크놀러지,KOSDAQ
72990,에이치시티,KOSDAQ
36640,에이치알에스,KOSDAQ
227100,에이치앤비디자인,KOSDAQ
82740,에이치에스디엔진보통주,KOSPI
44990,에이치엔에스하이텍,KONEX
28300,에이치엘비,KOSDAQ
3580,에이치엘비글로벌보통주,KOSPI
278650,에이치엘비바이오스텝,KOSDAQ
343090,에이치엘비사이언스,KONEX
67630,에이치엘비생명과학,KOSDAQ
47920,에이치엘비제약,KOSDAQ
115450,에이치엘비테라퓨틱스,KOSDAQ
46210,에이치엘비파나진,KOSDAQ
239610,에이치엘사이언스,KOSDAQ
462020,에이치엠씨아이비제6호기업인수목적,KOSDAQ
11200,에이치엠엠보통주,KOSPI
148930,에이치와이티씨,KOSDAQ
44780,에이치케이,KOSDAQ
195940,에이치케이이노엔,KOSDAQ GLOBAL
403870,에이치피에스피,KOSDAQ
357230,에이치피오,KOSDAQ
355690,에이텀,KOSDAQ
71670,에이테크솔루션,KOSDAQ
45660,에이텍,KOSDAQ
224110,에이텍모빌리티,KOSDAQ
21080,에이티넘인베스트먼트,KOSDAQ
89530,에이티세미콘,KOSDAQ
200470,에이팩트,KOSDAQ
207490,에이펙스인텍,KONEX
262260,에이프로,KOSDAQ
3060,에이프로젠바이오로직스보통주,KOSPI
7460,에이프로젠보통주,KOSPI
109960,에이프로젠헬스케어앤게임즈,KOSDAQ
397030,에이프릴바이오,KOSDAQ
244920,에이플러스에셋보통주,KOSPI
265520,에이피시스템,KOSDAQ
54620,에이피에스,KOSDAQ
211270,에이피위성,KOSDAQ
89970,에이피티씨,KOSDAQ
230240,에치에프알,KOSDAQ
230360,에코마케팅,KOSDAQ GLOBAL
38870,에코바이오홀딩스,KOSDAQ
97780,에코볼트,KOSDAQ
448280,에코아이,KOSDAQ
101360,에코앤드림,KOSDAQ
128540,에코캡,KOSDAQ
86520,에코프로,KOSDAQ
450080,에코프로머티보통주,KOSPI
247540,에코프로비엠,KOSDAQ GLOBAL
383310,에코프로에이치엔,KOSDAQ
38110,에코플라스틱,KOSDAQ
73540,에프알텍,KOSDAQ
64850,에프앤가이드,KOSDAQ
214270,에프에스엔,KOSDAQ
36810,에프에스티,KOSDAQ
173940,에프엔씨엔터테인먼트,KOSDAQ
83500,에프엔에스테크,KOSDAQ
446440,에피바이오텍,KONEX
54940,엑사이엔씨,KOSDAQ
43090,엑서지21,KOSDAQ
950130,엑세스바이오,KOSDAQ
205100,엑셈,KOSDAQ
356680,엑스게이트,KOSDAQ
70300,엑스큐어,KOSDAQ
317770,엑스페릭스,KOSDAQ
92870,엑시콘,KOSDAQ
317870,엔바이오니아,KOSDAQ
67570,엔브이에이치코리아,KOSDAQ
236810,엔비티,KOSDAQ
140610,엔솔바이오사이언스,KONEX
333620,엔시스,KOSDAQ
101400,엔시트론,KOSDAQ
36570,엔씨소프트보통주,KOSPI
238170,엔에스엠,KONEX
224760,엔에스컴퍼니,KONEX
391060,엔에이치기업인수목적20호,KOSDAQ
422040,엔에이치기업인수목적23호,KOSDAQ
437780,엔에이치기업인수목적24호,KOSDAQ
438580,엔에이치기업인수목적25호,KOSDAQ
439410,엔에이치기업인수목적26호,KOSDAQ
440820,엔에이치기업인수목적27호,KOSDAQ
451700,엔에이치기업인수목적29호,KOSDAQ
466910,엔에이치기업인수목적30호,KOSDAQ
104200,엔에이치엔벅스,KOSDAQ
60250,엔에이치엔케이씨피,KOSDAQ GLOBAL
400760,엔에이치올원리츠보통주,KOSPI
5945,엔에이치투자증권1우선주,KOSPI
5940,엔에이치투자증권보통주,KOSPI
265740,엔에프씨,KOSDAQ
53290,엔이능률,KOSDAQ
354200,엔젠바이오,KOSDAQ
419080,엔젯,KOSDAQ
93510,엔지브이아이,KONEX
208860,엔지스테크널러지,KOSDAQ
183490,엔지켐생명과학,KOSDAQ
85310,엔케이 보통주,KOSPI
182400,엔케이맥스,KOSDAQ
348370,엔켐,KOSDAQ
58450,엔터파트너즈,KOSDAQ
69410,엔텔스,KOSDAQ
227950,엔투텍,KOSDAQ
291230,엔피,KOSDAQ
198080,엔피디,KOSDAQ
222160,엔피엑스,KOSDAQ
48830,엔피케이,KOSDAQ
96870,엘디티,KOSDAQ
276240,엘리비젼,KONEX
900140,엘브이엠씨홀딩스보통주,KOSPI
376190,엘비루셈,KOSDAQ
61970,엘비세미콘,KOSDAQ
309960,엘비인베스트먼트,KOSDAQ
290650,엘앤씨바이오,KOSDAQ
66970,엘앤에프,KOSDAQ GLOBAL
156100,엘앤케이바이오메드,KOSDAQ
60370,엘에스마린솔루션,KOSDAQ
417200,엘에스머트리얼즈,KOSDAQ
311060,엘에이티,KONEX
108675,엘엑스하우시스1우선주,KOSPI
108670,엘엑스하우시스보통주,KOSPI
38380K,엘엑스홀딩스1우선주,KOSPI
383800,엘엑스홀딩스보통주,KOSPI
73110,엘엠에스,KOSDAQ
83310,엘오티베큠,KOSDAQ
37560,엘지헬로비전보통주,KOSPI
37950,엘컴텍,KOSDAQ
170920,엘티씨,KOSDAQ
58630,엠게임,KOSDAQ
58970,엠로,KOSDAQ
19590,엠벤처투자,KOSDAQ
97520,엠씨넥스보통주,KOSPI
373170,엠아이큐브솔루션,KOSDAQ
179290,엠아이텍,KOSDAQ
9780,엠에스씨,KOSDAQ
123040,엠에스오토텍,KOSDAQ
323230,엠에프엠코리아,KOSDAQ
32790,엠젠솔루션,KOSDAQ
33160,엠케이전자,KOSDAQ
347890,엠투아이코퍼레이션,KOSDAQ
33310,엠투엔,KOSDAQ
259630,엠플러스,KOSDAQ
115960,연우,KOSDAQ
60850,영림원소프트랩,KOSDAQ
14440,영보화학보통주,KOSPI
143540,영우디에스피,KOSDAQ
111770,영원무역보통주,KOSPI
9970,영원무역홀딩스보통주,KOSPI
3520,영진약품보통주,KOSPI
670,영풍보통주,KOSPI
36560,영풍정밀,KOSDAQ
6740,영풍제지보통주,KOSPI
12280,영화금속보통주,KOSPI
265560,영화테크,KOSDAQ
12160,영흥보통주,KOSPI
36000,예림당,KOSDAQ
250930,예선테크,KOSDAQ
53280,예스이십사,KOSDAQ
15360,예스코홀딩스보통주,KOSPI
122640,예스티,KOSDAQ
900300,오가닉티코스메틱스홀딩스컴퍼니리미티드,KOSDAQ
212310,오건에코텍,KONEX
45060,오공,KOSDAQ
80520,오디텍,KOSDAQ
7310,오뚜기보통주,KOSPI
39830,오로라월드,KOSDAQ
322310,오로스테크놀로지,KOSDAQ
46120,오르비텍,KOSDAQ
14940,오리엔탈정공,KOSDAQ
2630,오리엔트바이오보통주,KOSPI
65500,오리엔트정공,KOSDAQ
271560,오리온보통주,KOSPI
1800,오리온홀딩스보통주,KOSPI
10470,오리콤,KOSDAQ
417860,오브젠,KOSDAQ
352910,오비고,KOSDAQ
53980,오상자이엘,KOSDAQ
52420,오성첨단소재,KOSDAQ
241790,오션브릿지,KOSDAQ
39200,오스코텍,KOSDAQ
31510,오스템,KOSDAQ
10060,오씨아이홀딩스보통주,KOSPI
368970,오에스피,KOSDAQ
138080,오이솔루션,KOSDAQ
80580,오킨스전자,KOSDAQ
67170,오텍,KOSDAQ
353590,오토앤,KOSDAQ
173130,오파스넷,KOSDAQ
49480,오픈베이스,KOSDAQ
394280,오픈엣지테크놀로지,KOSDAQ
309930,오하임앤컴퍼니,KOSDAQ
244460,올리패스,KOSDAQ
226950,올릭스,KOSDAQ
57540,옴니시스템,KOSDAQ
131030,옵투스제약,KOSDAQ
82210,옵트론텍,KOSDAQ
109080,옵티시스,KOSDAQ
380540,옵티코어,KOSDAQ
153710,옵티팜,KOSDAQ
51390,와이더블유,KOSDAQ
321820,와이더플래닛,KOSDAQ
432430,와이랩,KOSDAQ
338840,와이바이오로직스,KOSDAQ
57030,와이비엠넷,KOSDAQ
122990,와이솔,KOSDAQ
112290,와이씨켐,KOSDAQ
232140,와이아이케이,KOSDAQ
65530,와이어블,KOSDAQ
67900,와이엔텍,KOSDAQ
7530,와이엠,KOSDAQ
155650,와이엠씨,KOSDAQ
273640,와이엠텍,KOSDAQ
251370,와이엠티,KOSDAQ
66430,와이오엠,KOSDAQ
193250,와이제이엠게임즈,KOSDAQ
273060,와이즈버즈,KOSDAQ
19210,와이지-원,KOSDAQ
122870,와이지엔터테인먼트,KOSDAQ
37270,와이지플러스보통주,KOSPI
11690,와이투솔루션보통주,KOSPI
40300,와이티엔,KOSDAQ
332570,와이팜,KOSDAQ
79000,와토스 코리아,KOSDAQ
316140,우리금융지주보통주,KOSPI
32820,우리기술,KOSDAQ
41190,우리기술투자,KOSDAQ
115440,우리넷,KOSDAQ
46970,우리로,KOSDAQ
82850,우리바이오,KOSDAQ
215360,우리산업,KOSDAQ
72470,우리산업홀딩스,KOSDAQ
73560,우리손에프앤지 농업회사법인,KOSDAQ
37400,우리엔터프라이즈,KOSDAQ
153490,우리이앤엘,KOSDAQ
101170,우림피티에스,KOSDAQ
6980,우성보통주,KOSPI
66590,우수AMS,KOSDAQ
17370,우신시스템보통주,KOSPI
103840,우양,KOSDAQ
46940,우원개발,KOSDAQ
215380,우정바이오,KOSDAQ
65680,우주일렉트로닉스,KOSDAQ
105840,우진보통주,KOSPI
18620,우진비앤지,KOSDAQ
10400,우진아이엔에스보통주,KOSPI
49800,우진플라임 보통주,KOSPI
16880,웅진보통주,KOSPI
95720,웅진씽크빅 보통주,KOSPI
396470,워트 주식회사,KOSDAQ
5820,원림보통주,KOSPI
307280,원바이오젠,KOSDAQ
32940,원익,KOSDAQ
104830,원익머트리얼즈,KOSDAQ
240810,원익아이피에스,KOSDAQ GLOBAL
14190,원익큐브,KOSDAQ
74600,원익큐엔씨,KOSDAQ GLOBAL
217820,원익피앤이,KOSDAQ
30530,원익홀딩스,KOSDAQ
12620,원일특강,KOSDAQ
382840,원준,KOSDAQ
336570,원텍,KOSDAQ
376980,원티드랩,KOSDAQ
122830,원포유,KONEX
8370,원풍,KOSDAQ
8290,원풍물산,KOSDAQ
101160,월덱스,KOSDAQ
64090,웨스트라이즈,KOSDAQ
336060,웨이버스,KOSDAQ
95270,웨이브일렉트로닉스,KOSDAQ
10600,웰바이오텍보통주,KOSPI
65950,웰크론,KOSDAQ
76080,웰크론한텍,KOSDAQ
43590,웰킵스하이텍,KOSDAQ
196700,웹스,KOSDAQ
69080,웹젠,KOSDAQ GLOBAL
53580,웹케시,KOSDAQ
71460,위니아,KOSDAQ
377460,위니아에이드,KOSDAQ
44340,위닉스,KOSDAQ
330350,위더스제약,KOSDAQ
348350,위드텍,KOSDAQ
112040,위메이드,KOSDAQ
101730,위메이드맥스,KOSDAQ
123420,위메이드플레이,KOSDAQ
65370,위세아이텍,KOSDAQ
140660,위월드 주식회사,KONEX
38620,위즈코프,KOSDAQ
299900,위지윅스튜디오,KOSDAQ
36090,위지트,KOSDAQ
136540,윈스,KOSDAQ
320000,윈텍,KOSDAQ
97800,윈팩,KOSDAQ
192390,윈하이텍,KOSDAQ
313760,윌링스,KOSDAQ
8600,윌비스보통주,KOSPI
335870,윙스풋,KOSDAQ
900340,윙입푸드홀딩스,KOSDAQ
14830,유니드 보통주,KOSPI
446070,유니드비티플러스보통주,KOSPI
36200,유니셈,KOSDAQ
18000,유니슨,KOSDAQ
47400,유니온머티리얼보통주,KOSPI
910,유니온보통주,KOSPI
203450,유니온커뮤니티,KOSDAQ
11330,유니켐보통주,KOSPI
77500,유니퀘스트 보통주,KOSPI
11320,유니크,KOSDAQ
86390,유니테스트,KOSDAQ
241690,유니테크노,KOSDAQ
142210,유니트론텍,KOSDAQ
121060,유니포인트,KONEX
48430,유라테크,KOSDAQ
206650,유바이오로직스,KOSDAQ
89850,유비벨록스,KOSDAQ
84440,유비온,KOSDAQ
32620,유비케어,KOSDAQ
264450,유비쿼스,KOSDAQ
78070,유비쿼스홀딩스,KOSDAQ
2920,유성기업보통주,KOSPI
24800,유성티엔에스,KOSDAQ
700,유수홀딩스보통주,KOSPI
54930,유신,KOSDAQ
69330,유아이디,KOSDAQ
49520,유아이엘,KOSDAQ
435380,유안타제10호기업인수목적,KOSDAQ
444920,유안타제11호기업인수목적,KOSDAQ
446150,유안타제12호기업인수목적,KOSDAQ
449020,유안타제13호기업인수목적,KOSDAQ
450940,유안타제14호기업인수목적,KOSDAQ
430700,유안타제9호기업인수목적,KOSDAQ
3475,유안타증권1우선주,KOSPI
3470,유안타증권보통주,KOSPI
263770,유에스티,KOSDAQ
337840,유엑스엔,KONEX
72130,유엔젤보통주,KOSPI
225,유유제약1우선주,KOSPI
227,유유제약2우선주(신형),KOSPI
220,유유제약보통주,KOSPI
388720,유일로보틱스,KOSDAQ
340930,유일에너테크,KOSDAQ
23410,유진기업,KOSDAQ
388800,유진기업인수목적7호,KOSDAQ
413630,유진기업인수목적8호,KOSDAQ
442130,유진기업인수목적9호,KOSDAQ
56080,유진로봇,KOSDAQ
84370,유진테크,KOSDAQ GLOBAL
240600,유진테크놀로지,KOSDAQ
1200,유진투자증권보통주,KOSPI
221800,유투바이오,KOSDAQ
179900,유티아이,KOSDAQ
263050,유틸렉스,KOSDAQ
105,유한양행1우선주,KOSPI
100,유한양행보통주,KOSPI
3465,유화증권1우선주,KOSPI
3460,유화증권보통주,KOSPI
191410,육일씨엔에쓰,KOSDAQ
372170,윤성에프앤씨,KOSDAQ
146060,율촌,KOSDAQ
8730,율촌화학보통주,KOSPI
72770,율호,KOSDAQ
8250,이건산업보통주,KOSPI
39020,이건홀딩스,KOSDAQ
25820,이구산업보통주,KOSPI
67920,이글루코퍼레이션,KOSDAQ
44960,이글벳,KOSDAQ
303530,이노뎁,KOSDAQ
296640,이노룰스,KOSDAQ
302430,이노메트리,KOSDAQ
279060,이노벡스,KONEX
214320,이노션보통주,KOSPI
274400,이노시뮬레이션,KOSDAQ
56090,이노시스,KOSDAQ
73490,이노와이어리스,KOSDAQ
215790,이노인스트루먼트,KOSDAQ
344860,이노진,KOSDAQ
246960,이노테라피,KOSDAQ
88390,이녹스,KOSDAQ
272290,이녹스첨단소재,KOSDAQ GLOBAL
53350,이니텍,KOSDAQ
41520,이라이콤,KOSDAQ
264850,이랜시스,KOSDAQ
54210,이랜텍,KOSDAQ
164060,이루다,KOSDAQ
65440,이루온,KOSDAQ
88260,이리츠코크렙기업구조조정부동산투자회사보통주,KOSPI
139480,이마트보통주,KOSPI
115610,이미지스테크놀로지,KOSDAQ
78020,이베스트투자증권,KOSDAQ
131400,이브이첨단소재,KOSDAQ
419700,이브이파킹서비스,KONEX
208850,이비테크,KONEX
351330,이삭엔지니어링,KOSDAQ
80010,이상네트웍스,KOSDAQ
379390,이성씨엔아이,KONEX
457190,이수스페셜티케미컬보통주,KOSPI
86890,이수앱지스,KOSDAQ
7660,이수페타시스보통주,KOSPI
5950,이수화학보통주,KOSPI
15020,이스타코보통주,KOSPI
47560,이스트소프트,KOSDAQ
900110,이스트아시아홀딩스인베스트먼트리미티드,KOSDAQ
67010,이씨에스텔레콤,KOSDAQ
93230,이아이디보통주,KOSPI
341310,이앤에치,KONEX
102710,이엔에프테크놀로지,KOSDAQ
74610,이엔플러스보통주,KOSPI
63760,이엘피,KOSDAQ
123570,이엠넷,KOSDAQ
278990,이엠비,KONEX
83470,이엠앤아이,KOSDAQ
95190,이엠코리아,KOSDAQ
91120,이엠텍,KOSDAQ
232530,이엠티,KONEX
102460,이연제약보통주,KOSPI
39030,이오테크닉스,KOSDAQ GLOBAL
294090,이오플로우,KOSDAQ
245620,이원다이애그노믹스,KOSDAQ
88290,이원컴포텍,KOSDAQ
84680,이월드보통주,KOSPI
181340,이즈미디어,KOSDAQ
37370,이지,KOSDAQ
353810,이지바이오,KOSDAQ
350520,이지스레지던스리츠보통주,KOSPI
334890,이지스밸류플러스리츠보통주,KOSPI
99750,이지케어텍,KOSDAQ
377330,이지트로닉스,KOSDAQ
35810,이지홀딩스,KOSDAQ
160600,이큐셀,KOSDAQ
92130,이크레더블,KOSDAQ
96040,이트론,KOSDAQ
134060,이퓨쳐,KOSDAQ
1840,이화공영,KOSDAQ
760,이화산업보통주,KOSPI
24810,이화전기공업,KOSDAQ
14990,인디에프보통주,KOSPI
41830,인바디,KOSDAQ
352940,인바이오,KOSDAQ
101140,인바이오젠보통주,KOSPI
216400,인바이츠바이오코아,KONEX
79950,인베니아,KOSDAQ
389470,인벤티지랩,KOSDAQ
277410,인산가,KOSDAQ
60150,인선이엔티,KOSDAQ
33230,인성정보,KOSDAQ
450520,인스웨이브시스템즈,KOSDAQ
6490,인스코비보통주,KOSPI
37330,인지디스플레이,KOSDAQ
100030,인지소프트,KOSDAQ
23800,인지컨트롤스보통주,KOSPI
34590,인천도시가스 보통주,KOSPI
211050,인카금융서비스,KOSDAQ
83640,인콘,KOSDAQ
216050,인크로스,KOSDAQ
49070,인탑스,KOSDAQ GLOBAL
119610,인터로조,KOSDAQ
17250,인터엠,KOSDAQ
129260,인터지스보통주,KOSPI
51370,인터플렉스,KOSDAQ
64290,인텍플러스,KOSDAQ
189300,인텔리안테크놀로지스,KOSDAQ
150840,인트로메딕,KOSDAQ
48530,인트론바이오테크놀로지,KOSDAQ
23810,인팩보통주,KOSPI
175140,인포마크,KOSDAQ
115310,인포바인,KOSDAQ
39290,인포뱅크,KOSDAQ
71200,인피니트헬스케어,KOSDAQ
101930,인화정공,KOSDAQ
249420,일동제약보통주,KOSPI
230,일동홀딩스보통주,KOSPI
13360,일성건설보통주,KOSPI
3120,일성신약보통주,KOSPI
333430,일승,KOSDAQ
68330,일신바이오베이스,KOSDAQ
3200,일신방직보통주,KOSPI
7110,일신석재보통주,KOSPI
7575,일양약품1우선주,KOSPI
7570,일양약품보통주,KOSPI
178780,일월지엠엘,KOSDAQ
8500,일정실업보통주,KOSPI
19540,일지테크,KOSDAQ
81000,일진다이아몬드 보통주,KOSPI
20760,일진디스플레이보통주,KOSPI
103590,일진전기 보통주,KOSPI
94820,일진파워,KOSDAQ
271940,일진하이솔루스보통주,KOSPI
15860,일진홀딩스보통주,KOSPI
226320,잇츠한불보통주,KOSPI
950140,잉글우드랩,KOSDAQ
49550,잉크테크,KOSDAQ
389020,자람테크놀로지,KOSDAQ
254120,자비스,KOSDAQ
43910,자연과 환경,KOSDAQ
234920,자이글,KOSDAQ
289220,자이언트스텝,KOSDAQ
317400,자이에스앤디보통주,KOSPI
33240,자화전자보통주,KOSPI
174880,장원테크,KOSDAQ
49630,재영솔루텍,KOSDAQ
417840,저스템,KOSDAQ
950,전방보통주,KOSPI
110020,전진바이오팜,KOSDAQ
208140,정다운,KOSDAQ
40420,정상제이엘에스,KOSDAQ
45510,정원엔시스,KOSDAQ
217190,제너셈,KOSDAQ
95700,제넥신,KOSDAQ
72520,제넨바이오,KOSDAQ
122310,제노레이,KOSDAQ
361390,제노코,KOSDAQ
66830,제노텍,KONEX
225220,제놀루션,KOSDAQ
123330,제닉,KOSDAQ
159580,제로투세븐,KOSDAQ
147830,제룡산업,KOSDAQ
33100,제룡전기,KOSDAQ
79370,제우스,KOSDAQ
67290,제이더블유신약,KOSDAQ
54950,제이브이엠,KOSDAQ
23440,제이스코홀딩스,KOSDAQ
90470,제이스텍,KOSDAQ
287410,제이시스메디칼,KOSDAQ
137950,제이씨케미칼,KOSDAQ
33320,제이씨현시스템,KOSDAQ
417500,제이아이테크,KOSDAQ
348950,제이알글로벌리츠보통주,KOSPI
204270,제이앤티씨,KOSDAQ
194370,제이에스코퍼레이션보통주,KOSPI
26040,제이에스티나,KOSDAQ
452160,제이엔비,KOSDAQ
126880,제이엔케이히터,KOSDAQ
322510,제이엘케이,KOSDAQ
254160,제이엠멀티,KONEX
33050,제이엠아이,KOSDAQ
94970,제이엠티,KOSDAQ
418550,제이오,KOSDAQ
35900,제이와이피엔터테인먼트,KOSDAQ GLOBAL
25620,제이준코스메틱보통주,KOSPI
89790,제이티,KOSDAQ
950170,제이티씨,KOSDAQ
30000,제일기획보통주,KOSPI
52670,제일바이오,KOSDAQ
271980,제일약품보통주,KOSPI
1560,제일연마공업보통주,KOSPI
199820,제일전기공업,KOSDAQ
38010,제일테크노스,KOSDAQ
2620,제일파마홀딩스보통주,KOSPI
276730,제주맥주,KOSDAQ
80220,제주반도체,KOSDAQ
6220,제주은행보통주,KOSPI
89590,제주항공보통주,KOSPI
216080,제테마,KOSDAQ
229000,젠큐릭스,KOSDAQ
248020,젬,KONEX
82270,젬백스&카엘,KOSDAQ
64800,젬백스링크,KOSDAQ
44060,조광아이엘아이,KOSDAQ
4910,조광페인트보통주,KOSPI
4700,조광피혁보통주,KOSPI
1550,조비보통주,KOSPI
462520,조선내화보통주,KOSPI
120030,조선선재 보통주,KOSPI
34940,조아제약,KOSDAQ
67000,조이시티,KOSDAQ
18470,조일알미늄보통주,KOSPI
2600,조흥보통주,KOSPI
63160,종근당바이오보통주,KOSPI
185750,종근당보통주,KOSPI
1630,종근당홀딩스보통주,KOSPI
33340,좋은사람들,KOSDAQ
36930,주성엔지니어링,KOSDAQ GLOBAL
109070,주성코퍼레이션보통주,KOSPI
185190,주식회사 수프로,KONEX
357580,주식회사 아모센스,KOSDAQ
226400,주식회사 오스테오닉,KOSDAQ
440320,주식회사 오픈놀,KOSDAQ
70960,주식회사 용평리조트,KOSPI
187420,주식회사 제노포커스,KOSDAQ
189350,주식회사 코셋,KONEX
348080,주식회사 큐라티스,KOSDAQ
23450,주식회사동남합성,KOSPI
2380,주식회사케이씨씨,KOSPI
44380,주연테크 보통주,KOSPI
239340,줌인터넷,KOSDAQ
24110,중소기업은행보통주,KOSPI
72020,중앙백신연구소,KOSDAQ
440,중앙에너비스,KOSDAQ
51980,중앙첨단소재,KOSDAQ
228760,지노믹트리,KOSDAQ
314130,지놈앤컴퍼니,KOSDAQ
13890,지누스보통주,KOSPI
389030,지니너스,KOSDAQ
43610,지니뮤직,KOSDAQ
263860,지니언스,KOSDAQ
303030,지니틱스,KOSDAQ
36180,지더블유바이텍,KOSDAQ
208350,지란지교시큐리티,KOSDAQ
289860,지슨,KONEX
144510,지씨셀,KOSDAQ
358570,지아이이노베이션,KOSDAQ
382480,지아이텍,KOSDAQ
382800,지앤비에스 에코,KOSDAQ
299480,지앤이헬스케어,KONEX
51160,지어소프트,KOSDAQ
1250,지에스글로벌보통주,KOSPI
7070,지에스리테일보통주,KOSPI
53050,지에스이,KOSDAQ
130500,지에이치신소재,KOSDAQ
388610,지에프씨생명과학,KONEX
119850,지엔씨에너지,KOSDAQ
65060,지엔코,KOSDAQ
204840,지엘팜텍,KOSDAQ
13870,지엠비코리아보통주,KOSPI
71320,지역난방공사보통주,KOSPI
270520,지오릿에너지,KOSDAQ
311320,지오엘리먼트,KOSDAQ
388050,지투파워,KOSDAQ
219750,지티지웰니스,KOSDAQ
88790,진도 보통주,KOSPI
18120,진로발효,KOSDAQ
109820,진매트릭스,KOSDAQ
86060,진바이오텍,KOSDAQ
36890,진성티이씨,KOSDAQ
363250,진시스템,KOSDAQ
3780,진양산업보통주,KOSPI
7370,진양제약,KOSDAQ
10640,진양폴리우레탄보통주,KOSPI
100250,진양홀딩스보통주,KOSPI
51630,진양화학보통주,KOSPI
272450,진에어보통주,KOSPI
285800,진영,KOSDAQ
11000,진원생명과학보통주,KOSPI
250030,진코스텍,KONEX
2785,진흥기업1우선주(신형),KOSPI
2787,진흥기업2우선주(신형),KOSPI
2780,진흥기업보통주,KOSPI
233990,질경이,KONEX
85660,차바이오텍,KOSDAQ
261780,차백신연구소,KOSDAQ
900250,차이나크리스탈신소재홀딩스,KOSDAQ
9310,참엔지니어링보통주,KOSPI
94850,참좋은여행,KOSDAQ
4650,창해에탄올,KOSDAQ
278280,천보,KOSDAQ GLOBAL
650,천일고속보통주,KOSPI
362320,청담글로벌,KOSDAQ
12600,청호ICT보통주,KOSPI
66360,체리부로,KOSDAQ
33250,체시스보통주,KOSPI
47820,초록뱀미디어,KOSDAQ
94360,칩스앤미디어,KOSDAQ
16790,카나리아바이오,KOSDAQ
16920,카스,KOSDAQ
284620,카이노스메드,KOSDAQ
446600,카이바이오텍,KONEX
293490,카카오게임즈,KOSDAQ GLOBAL
323410,카카오뱅크보통주,KOSPI
35720,카카오보통주,KOSPI
377300,카카오페이보통주,KOSPI
42000,카페24,KOSDAQ
6380,카프로보통주,KOSPI
317530,캐리소프트,KOSDAQ
71850,캐스텍코리아,KOSDAQ
50110,캠시스,KOSDAQ
452300,캡스톤파트너스,KOSDAQ
119860,커넥트웨이브,KOSDAQ
223310,커머스마이너,KOSDAQ
451760,컨텍,KOSDAQ
900310,컬러레이홀딩스,KOSDAQ
78340,컴투스,KOSDAQ
63080,컴투스홀딩스,KOSDAQ
307930,컴퍼니케이파트너스,KOSDAQ
79190,케스피온,KOSDAQ
263700,케어랩스,KOSDAQ
214370,케어젠,KOSDAQ
221980,케이디켐,KOSDAQ
900280,케이만금세기차륜집단유한공사,KOSDAQ
38530,케이바이오,KOSDAQ
1620,케이비아이동국실업보통주,KOSPI
24840,케이비아이메탈,KOSDAQ
424140,케이비제21호기업인수목적,KOSDAQ
436530,케이비제22호기업인수목적,KOSDAQ
455250,케이비제25호기업인수목적 주식회사,KOSDAQ
458320,케이비제26호기업인수목적,KOSDAQ
464680,케이비제27호기업인수목적,KOSDAQ
318000,케이비지,KOSDAQ
192250,케이사인,KOSDAQ
9440,케이씨그린홀딩스보통주,KOSPI
29460,케이씨보통주,KOSPI
112190,케이씨산업,KONEX
21320,케이씨씨건설,KOSDAQ
344820,케이씨씨글라스보통주,KOSPI
36670,케이씨아이,KOSDAQ
115500,케이씨에스,KOSDAQ
119650,케이씨코트렐보통주,KOSPI
281820,케이씨텍보통주,KOSPI
89150,케이씨티,KOSDAQ
25880,케이씨피드,KOSDAQ
15590,케이아이비플러그에너지보통주,KOSPI
93320,케이아이엔엑스,KOSDAQ
93640,케이알엠,KOSDAQ
44450,케이에스에스 해운 보통주,KOSPI
73010,케이에스피,KOSDAQ
226360,케이에이치건설,KOSDAQ
60720,케이에이치바텍,KOSDAQ
111870,케이에이치전자,KOSDAQ
122450,케이엑스이노베이션,KOSDAQ
52900,케이엑스하이텍,KOSDAQ
105330,케이엔더블유,KOSDAQ
53080,케이엔솔,KOSDAQ
432470,케이엔에스,KOSDAQ
58400,케이엔엔,KOSDAQ
272110,케이엔제이,KOSDAQ
39420,케이엘넷,KOSDAQ
83550,케이엠,KOSDAQ
32500,케이엠더블유,KOSDAQ
225430,케이엠제약,KOSDAQ
102370,케이옥션,KOSDAQ
92220,케이이씨 보통주,KOSPI
46440,케이지모빌리언스,KOSDAQ
35600,케이지이니시스,KOSDAQ
151860,케이지이티에스,KOSDAQ
381970,케이카보통주,KOSPI
145270,케이탑리츠보통주,KOSPI
30200,케이티보통주,KOSPI
53210,케이티스카이라이프,KOSPI
58850,케이티씨에스보통주,KOSPI
58860,케이티아이에스보통주,KOSPI
36030,케이티알파,KOSDAQ
33780,케이티앤지보통주,KOSPI
64820,케이프,KOSDAQ
256940,케이피에스,KOSDAQ
24880,케이피에프,KOSDAQ
42040,케이피엠테크,KOSDAQ
54410,케이피티유,KOSDAQ
258610,케일럼,KOSDAQ
274090,켄코아에어로스페이스,KOSDAQ
402420,켈스,KONEX
89010,켐트로닉스,KOSDAQ
220260,켐트로스,KOSDAQ
176590,코나솔,KONEX
52400,코나아이,KOSDAQ
402030,코난테크놀로지,KOSDAQ
391710,코닉오토메이션,KOSDAQ
46070,코다코,KOSDAQ
47770,코데즈컴바인,KOSDAQ
80530,코디,KOSDAQ
417310,코람코더원리츠보통주,KOSPI
357120,코람코라이프인프라리츠보통주,KOSPI
104540,코렌텍,KOSDAQ
27050,코리아나화장품,KOSDAQ
7815,코리아써키트1우선주,KOSPI
00781K,코리아써키트2우선주(신형),KOSPI
7810,코리아써키트보통주,KOSPI
190650,코리아에셋투자증권,KOSDAQ
123410,코리아에프티,KOSDAQ
3690,코리안리재보험보통주,KOSPI
36690,코맥스,KOSDAQ
49430,코메론,KOSDAQ
183300,코미코,KOSDAQ GLOBAL
41960,코미팜,KOSDAQ
89890,코세스,KOSDAQ
9730,코센,KOSDAQ
82660,코스나인,KOSDAQ
192820,코스맥스보통주,KOSPI
44820,코스맥스비티아이 주식회사 보통주,KOSPI
222040,코스맥스엔비티,KOSDAQ
241710,코스메카코리아,KOSDAQ
5070,코스모신소재보통주,KOSPI
5420,코스모화학보통주,KOSPI
355150,코스텍시스,KOSDAQ
169670,코스텍시스템,KONEX
71950,코아스보통주,KOSPI
166480,코아스템켐온,KOSDAQ
45970,코아시아,KOSDAQ
196450,코아시아씨엠,KOSDAQ
384470,코어라인소프트,KOSDAQ
29960,코엔텍,KOSDAQ
2025,코오롱1우선주,KOSPI
3075,코오롱글로벌1우선주,KOSPI
3070,코오롱글로벌보통주,KOSPI
45014K,코오롱모빌리티그룹1우선주,KOSPI
450140,코오롱모빌리티그룹보통주,KOSPI
2020,코오롱보통주,KOSPI
102940,코오롱생명과학,KOSDAQ
120115,코오롱인더스트리1우선주,KOSPI
120110,코오롱인더스트리보통주,KOSPI
950160,코오롱티슈진,KOSDAQ
138490,코오롱플라스틱보통주,KOSPI
21240,코웨이보통주,KOSPI
33290,코웰패션,KOSDAQ
56360,코위버,KOSDAQ
282880,코윈테크,KOSDAQ
121850,코이즈,KOSDAQ
448710,코츠테크놀로지,KOSDAQ
15710,코콤,KOSDAQ
52330,코텍,KOSDAQ
322780,코퍼스코리아,KOSDAQ
36420,콘텐트리중앙보통주,KOSPI
200130,콜마비앤에이치,KOSDAQ GLOBAL
31820,콤텍시스템보통주,KOSPI
294570,쿠콘,KOSDAQ
192400,쿠쿠홀딩스보통주,KOSPI
284740,쿠쿠홈시스보통주,KOSPI
317690,퀀타매트릭스,KOSDAQ
78940,퀀타피아,KOSDAQ
432720,퀄리타스반도체,KOSDAQ
456190,큐라켐,KONEX
365270,큐라클,KOSDAQ
86460,큐러블,KONEX
60280,큐렉소,KOSDAQ
372320,큐로셀,KOSDAQ
40350,큐로컴,KOSDAQ
51780,큐로홀딩스,KOSDAQ
115180,큐리언트,KOSDAQ
445680,큐리옥스바이오시스템즈,KOSDAQ
182360,큐브엔터테인먼트,KOSDAQ
405100,큐알티,KOSDAQ
66310,큐에스아이,KOSDAQ
136660,큐엠씨,KONEX
16600,큐캐피탈파트너스,KOSDAQ
355390,크라우드웍스,KOSDAQ
26490K,크라운제과1우선주,KOSPI
264900,크라운제과보통주,KOSPI
5745,크라운해태홀딩스1우선주,KOSPI
5740,크라운해태홀딩스보통주,KOSPI
259960,크래프톤보통주,KOSPI
96240,크레버스,KOSDAQ
215570,크로넥스,KONEX
114120,크루셜텍,KOSDAQ
110790,크리스에프앤씨,KOSDAQ
45520,크린앤사이언스,KOSDAQ
36170,클라우드에어,KOSDAQ
214150,클래시스,KOSDAQ GLOBAL
352770,클리노믹스,KOSDAQ
237880,클리오,KOSDAQ
139670,키네마스터,KOSDAQ
20120,키다리스튜디오보통주,KOSPI
413600,키움제6호기업인수목적,KOSDAQ
433530,키움제7호기업인수목적,KOSDAQ
446840,키움제8호기업인수목적,KOSDAQ
39490,키움증권보통주,KOSPI
54780,키이스트,KOSDAQ
336040,타스컴,KONEX
219130,타이거일렉,KOSDAQ
346010,타이드,KONEX
318660,타임기술,KONEX
434190,탈로스,KONEX
360070,탑머티리얼,KOSDAQ
180060,탑선,KONEX
65130,탑엔지니어링,KOSDAQ
134580,탑코미디어,KOSDAQ
14580,태경비케이보통주,KOSPI
15890,태경산업보통주,KOSPI
6890,태경케미컬보통주,KOSPI
23160,태광,KOSDAQ
3240,태광산업보통주,KOSPI
11280,태림포장보통주,KOSPI
323280,태성,KOSDAQ
53620,태양,KOSDAQ
52960,태양3C,KONEX
4105,태양금속공업1우선주,KOSPI
4100,태양금속공업보통주,KOSPI
116100,태양기계 주식회사,KONEX
9410,태영건설보통주,KOSPI
9415,태영건설우선주,KOSPI
44490,태웅,KOSDAQ
124560,태웅로직스,KOSDAQ
1420,태원물산보통주,KOSPI
7980,태평양물산보통주,KOSPI
191420,테고사이언스,KOSDAQ
73640,테라사이언스,KOSDAQ
66700,테라젠이텍스,KOSDAQ
95610,테스,KOSDAQ GLOBAL
55490,테이팩스보통주,KOSPI
308700,테크엔,KONEX
64520,테크엘,KOSDAQ
89030,테크윙,KOSDAQ
258050,테크트랜스,KONEX
54450,텔레칩스,KOSDAQ
91440,텔레필드,KOSDAQ
78000,텔코웨어 보통주,KOSPI
200230,텔콘알에프제약,KOSDAQ
214420,토니모리보통주,KOSPI
393210,토마토시스템,KOSDAQ
215480,토박스코리아,KOSDAQ
51360,토비스,KOSDAQ
45340,토탈소프트뱅크,KOSDAQ
108230,톱텍,KOSDAQ
79970,투비소프트,KOSDAQ
199800,툴젠,KOSDAQ
417790,트루엔,KOSDAQ
105550,트루윈,KOSDAQ
290090,트윔,KOSDAQ
26150,특수건설,KOSDAQ
322180,티라유텍,KOSDAQ
117730,티로보틱스,KOSDAQ
33830,티비씨,KOSDAQ
57680,티사이언티픽,KOSDAQ
204610,티쓰리엔터테인먼트,KOSDAQ
64760,티씨케이,KOSDAQ GLOBAL
246710,티앤알바이오팹,KOSDAQ
340570,티앤엘,KOSDAQ
43220,티에스넥스젠,KOSDAQ
277880,티에스아이,KOSDAQ
131290,티에스이,KOSDAQ GLOBAL
246690,티에스인베스트먼트,KOSDAQ
317240,티에스트릴리온,KOSDAQ
19180,티에이치엔보통주,KOSPI
425420,티에프이,KOSDAQ
131100,티엔엔터테인먼트,KOSDAQ
356860,티엘비,KOSDAQ
62860,티엘아이,KOSDAQ
413300,티엘엔지니어링,KONEX
2900,티와이엠보통주,KOSPI
36328K,티와이홀딩스1우선주,KOSPI
363280,티와이홀딩스보통주,KOSPI
321550,티움바이오,KOSDAQ
91810,티웨이항공보통주,KOSPI
4870,티웨이홀딩스보통주,KOSPI
425040,티이엠씨,KOSDAQ
32540,티제이미디어,KOSDAQ
22220,티케이지애강,KOSDAQ
69260,티케이지휴켐스보통주,KOSPI
104480,티케이케미칼,KOSDAQ
81150,티플랙스,KOSDAQ
130740,티피씨,KOSDAQ
48770,티피씨메카트로닉스,KOSDAQ
217880,틸론,KONEX
84730,팅크웨어,KOSDAQ
58530,파나케이아,KOSDAQ
440110,파두,KOSDAQ
34230,파라다이스,KOSDAQ
33540,파라텍,KOSDAQ
388870,파로스아이바이오,KOSDAQ
43200,파루,KOSDAQ
214450,파마리서치,KOSDAQ GLOBAL
217950,파마리서치바이오,KONEX
208340,파멥신,KOSDAQ
5690,파미셀보통주,KOSPI
177830,파버나인,KOSDAQ
37070,파세코,KOSDAQ
150900,파수,KOSDAQ
37030,파워넷,KOSDAQ
47310,파워로직스,KOSDAQ
266870,파워풀엑스,KONEX
368770,파이버프로,KOSDAQ
170790,파이오링크,KOSDAQ
49120,파인디앤씨,KOSDAQ
38950,파인디지털,KOSDAQ
441270,파인엠텍,KOSDAQ
106240,파인테크닉스,KOSDAQ
131760,파인텍,KOSDAQ
65690,파커스,KOSDAQ
140860,파크시스템스,KOSDAQ
91700,파트론,KOSDAQ GLOBAL
202960,판도라티비,KONEX
32800,판타지오,KOSDAQ
318010,팜스빌,KOSDAQ
36580,팜스코보통주,KOSPI
27710,팜스토리,KOSDAQ
4720,팜젠사이언스보통주,KOSPI
225590,패션플랫폼,KOSDAQ
54300,팬스타엔터프라이즈,KOSDAQ
68050,팬엔터테인먼트,KOSDAQ
28670,팬오션보통주,KOSPI
222110,팬젠,KOSDAQ
271830,팸텍,KOSDAQ
10820,퍼스텍보통주,KOSPI
16800,퍼시스보통주,KOSPI
263750,펄어비스,KOSDAQ GLOBAL
251970,펌텍코리아,KOSDAQ
1020,페이퍼코리아보통주,KOSPI
327610,펨토바이오메드,KONEX
168360,펨트론,KOSDAQ
87010,펩트론,KOSDAQ
90080,평화산업 주식회사 보통주,KOSPI
10770,평화홀딩스보통주,KOSPI
119500,포메탈,KOSDAQ
389140,포바이포,KOSDAQ
22100,포스코DX보통주,KOSPI
58430,포스코스틸리온보통주,KOSPI
47050,포스코인터내셔널보통주,KOSPI
3670,포스코퓨처엠보통주,KOSPI
5490,포스코홀딩스보통주,KOSPI
189690,포시에스,KOSDAQ
318020,포인트모바일,KOSDAQ
256630,포인트엔지니어링,KOSDAQ
331380,포커스에이치엔에스,KOSDAQ
234100,폴라리스세원,KOSDAQ
41020,폴라리스오피스,KOSDAQ
114630,폴라리스우노,KOSDAQ
290720,푸드나무,KOSDAQ
5670,푸드웰,KOSDAQ
94940,푸른기술,KOSDAQ
7330,푸른상호저축은행,KOSDAQ
17810,풀무원보통주,KOSPI
93380,풍강,KOSDAQ
23900,풍국주정공업,KOSDAQ
103140,풍산 보통주,KOSPI
5810,풍산홀딩스보통주,KOSPI
371950,풍원정밀,KOSDAQ
370090,퓨런티어,KOSDAQ
445180,퓨릿,KOSDAQ
341170,퓨쳐메디신,KONEX
220100,퓨쳐켐,KOSDAQ
35200,프럼파스트,KOSDAQ
334970,프레스티지바이오로직스,KOSDAQ
950210,프레스티지바이오파마KDR,KOSPI
321260,프로이천,KOSDAQ
296160,프로젠,KONEX
53610,프로텍,KOSDAQ
303360,프로티아,KOSDAQ
377220,프롬바이오,KOSDAQ
335810,프리시젼바이오,KOSDAQ
53160,프리엠스,KOSDAQ
405000,플라즈맵,KOSDAQ
41590,플래스크,KOSDAQ
367000,플래티어,KOSDAQ
75130,플랜티넷,KOSDAQ
222670,플럼라인생명과학,KONEX
9810,플레이그램보통주,KOSPI
237820,플레이디,KOSDAQ
23770,플레이위드코리아,KOSDAQ
300080,플리토,KOSDAQ
150440,피노텍,KONEX
32580,피델릭스,KOSDAQ
51380,피씨디렉트,KOSDAQ
241820,피씨엘,KOSDAQ
178920,피아이첨단소재보통주,KOSPI
237750,피앤씨테크,KOSDAQ
319660,피에스케이,KOSDAQ GLOBAL
31980,피에스케이홀딩스,KOSDAQ
2230,피에스텍,KOSDAQ
57880,피에이치씨,KOSDAQ
43370,피에이치에이,KOSDAQ
239890,피엔에이치테크,KOSDAQ
347740,피엔케이피부임상연구센타,KOSDAQ
137400,피엔티,KOSDAQ GLOBAL
257370,피엔티엠에스,KOSDAQ
24940,피엔풍년,KOSDAQ
147760,피엠티,KOSDAQ
128660,피제이메탈,KOSDAQ
6140,피제이전자,KOSDAQ
376180,피코그램,KOSDAQ
304840,피플바이오,KOSDAQ
62970,피피아이,KOSDAQ
87600,픽셀플러스,KOSDAQ
291810,핀텔,KOSDAQ
378340,필에너지,KOSDAQ
161580,필옵틱스,KOSDAQ
347770,핌스,KOSDAQ
163730,핑거,KOSDAQ
417180,핑거스토리,KOSDAQ
446750,하나26호기업인수목적,KOSDAQ
448370,하나27호기업인수목적,KOSDAQ
454750,하나28호기업인수목적,KOSDAQ
454640,하나29호기업인수목적,KOSDAQ
469880,하나30호기업인수목적,KOSDAQ
406760,하나금융21호기업인수목적,KOSDAQ
418170,하나금융22호기업인수목적,KOSDAQ
427950,하나금융23호기업인수목적,KOSDAQ
430230,하나금융24호기업인수목적,KOSDAQ
435620,하나금융25호기업인수목적,KOSDAQ
86790,하나금융지주보통주,KOSPI
299030,하나기술,KOSDAQ
67310,하나마이크론,KOSDAQ GLOBAL
372290,하나머스트7호기업인수목적,KOSDAQ
166090,하나머티리얼즈,KOSDAQ GLOBAL
293480,하나제약보통주,KOSPI
39130,하나투어보통주,KOSPI
136480,하림,KOSDAQ
3380,하림지주,KOSDAQ GLOBAL
101670,하이드로리튬,KOSDAQ
365590,하이딥,KOSDAQ
149980,하이로닉,KOSDAQ
13030,하이록코리아,KOSDAQ
352820,하이브보통주,KOSPI
126700,하이비젼시스템,KOSDAQ
106080,하이소닉,KOSDAQ
71090,하이스틸 보통주,KOSPI
377400,하이제6호기업인수목적,KOSDAQ
400840,하이제7호기업인수목적,KOSDAQ
450050,하이제8호기업인수목적,KOSDAQ
221840,하이즈항공,KOSDAQ
106190,하이텍팜,KOSDAQ
19490,하이트론씨스템즈보통주,KOSPI
87,하이트진로2우선주(신형),KOSPI
80,하이트진로보통주,KOSPI
145,하이트진로홀딩스1우선주,KOSPI
140,하이트진로홀딩스보통주,KOSPI
373200,하인크코리아,KOSDAQ
66130,하츠,KOSDAQ
4590,한국가구,KOSDAQ
36460,한국가스공사보통주,KOSPI
39340,한국경제티브이,KOSDAQ
5430,한국공항보통주,KOSPI
34950,한국기업평가,KOSDAQ
10040,한국내화보통주,KOSPI
25540,한국단자공업보통주,KOSPI
222980,한국맥널티,KOSDAQ
10100,한국무브넥스보통주,KOSPI
331660,한국미라클피플사,KONEX
256840,한국비엔씨,KOSDAQ
4090,한국석유공업보통주,KOSPI
25550,한국선재,KOSDAQ
2200,한국수출포장공업보통주,KOSPI
2960,한국쉘석유보통주,KOSPI
17890,한국알콜산업,KOSDAQ
240,한국앤컴퍼니보통주,KOSPI
33270,한국유나이티드제약 보통주,KOSPI
80720,한국유니온제약,KOSDAQ
123890,한국자산신탁보통주,KOSPI
15760,한국전력공사보통주,KOSPI
52690,한국전력기술 보통주,KOSPI
63570,한국전자금융,KOSDAQ
41460,한국전자인증,KOSDAQ
6200,한국전자홀딩스보통주,KOSPI
101680,한국정밀기계,KOSDAQ
39740,한국정보공학,KOSDAQ
53300,한국정보인증,KOSDAQ
25770,한국정보통신,KOSDAQ
436610,한국제11호기업인수목적,KOSDAQ
458610,한국제12호기업인수목적,KOSDAQ
464440,한국제13호기업인수목적,KOSDAQ
27970,한국제지보통주,KOSPI
23350,한국종합기술보통주,KOSPI
25890,한국주강보통주,KOSPI
970,한국주철관공업보통주,KOSPI
104700,한국철강보통주,KOSPI
17960,한국카본보통주,KOSPI
23760,한국캐피탈,KOSDAQ
54040,한국컴퓨터,KOSDAQ
161890,한국콜마보통주,KOSPI
24720,한국콜마홀딩스보통주,KOSPI
21650,한국큐빅,KOSDAQ
161390,한국타이어앤테크놀로지보통주,KOSPI
53590,한국테크놀로지,KOSDAQ
34830,한국토지신탁보통주,KOSPI
152550,한국투자ANKOR유전해외자원개발특별자산투자회사1호(지분증권),KOSPI
168490,한국투자Parallel유전해외자원개발특별자산투자회사1호,KOSPI
71055,한국투자금융지주1우선주,KOSPI
71050,한국투자금융지주보통주,KOSPI
7280,한국특강보통주,KOSPI
32300,한국파마,KOSDAQ
37230,한국팩키지,KOSDAQ
448900,한국피아이엠,KONEX
47810,한국항공우주산업보통주,KOSPI
123690,한국화장품보통주,KOSPI
3350,한국화장품제조보통주,KOSPI
30520,한글과컴퓨터,KOSDAQ
52600,한네트,KOSDAQ
11500,한농화성보통주,KOSPI
2390,한독보통주,KOSPI
256150,한독크린텍,KOSDAQ
92460,한라아이엠에스,KOSDAQ
53690,한미글로벌건축사사무소보통주,KOSPI
42700,한미반도체보통주,KOSPI
8930,한미사이언스보통주,KOSPI
128940,한미약품보통주,KOSPI
452190,한빛레이저,KOSDAQ
47080,한빛소프트,KOSDAQ
9240,한샘보통주,KOSPI
452280,한선엔지니어링,KOSDAQ
20000,한섬보통주,KOSPI
3680,한성기업보통주,KOSPI
66980,한성크린텍,KOSDAQ
105630,한세실업보통주,KOSPI
69640,한세엠케이보통주,KOSPI
16450,한세예스24홀딩스보통주,KOSPI
10420,한솔PNS보통주,KOSPI
9180,한솔로지스틱스보통주,KOSPI
114810,한솔아이원스,KOSDAQ
70590,한솔인티큐브,KOSDAQ
213500,한솔제지보통주,KOSPI
14680,한솔케미칼보통주,KOSPI
4710,한솔테크닉스보통주,KOSPI
4150,한솔홀딩스보통주,KOSPI
25750,한솔홈데코보통주,KOSPI
226440,한송네오텍,KOSDAQ
42520,한스바이오메드,KOSDAQ
4960,한신공영보통주,KOSPI
11700,한신기계공업보통주,KOSPI
430690,한싹,KOSDAQ
78350,한양디지텍,KOSDAQ
45100,한양이엔지,KOSDAQ
1755,한양증권1우선주,KOSPI
1750,한양증권보통주,KOSPI
18880,한온시스템보통주,KOSPI
9420,한올바이오파마보통주,KOSPI
14130,한익스프레스보통주,KOSPI
24740,한일단조공업,KOSDAQ
5860,한일사료,KOSDAQ
300720,한일시멘트보통주,KOSPI
123840,한일진공,KOSDAQ
2220,한일철강보통주,KOSPI
6390,한일현대시멘트보통주,KOSPI
3300,한일홀딩스보통주,KOSPI
7770,한일화학공업,KOSDAQ
51600,한전KPS 보통주,KOSPI
130660,한전산업개발보통주,KOSPI
198940,한주라이트메탈,KOSDAQ
107640,한중엔시에스,KONEX
2320,한진보통주,KOSPI
3480,한진중공업홀딩스보통주,KOSPI
18064K,한진칼1우선주,KOSPI
180640,한진칼보통주,KOSPI
5110,한창보통주,KOSPI
79170,한창산업,KOSDAQ
9460,한창제지보통주,KOSPI
372910,한컴라이프케어보통주,KOSPI
54920,한컴위드,KOSDAQ
2680,한탑,KOSDAQ
885,한화1우선주,KOSPI
00088K,한화3우선주(신형),KOSPI
45226K,한화갤러리아1우선주,KOSPI
452260,한화갤러리아보통주,KOSPI
451800,한화리츠보통주,KOSPI
880,한화보통주,KOSPI
88350,한화생명보험보통주,KOSPI
370,한화손해보험보통주,KOSPI
9835,한화솔루션1우선주,KOSPI
9830,한화솔루션보통주,KOSPI
272210,한화시스템보통주,KOSPI
12450,한화에어로스페이스보통주,KOSPI
42660,한화오션보통주,KOSPI
3535,한화투자증권1우선주,KOSPI
3530,한화투자증권보통주,KOSPI
386580,한화플러스제2호기업인수목적,KOSDAQ
430460,한화플러스제3호기업인수목적,KOSDAQ
455310,한화플러스제4호기업인수목적,KOSDAQ
195870,해성디에스보통주,KOSPI
34810,해성산업,KOSDAQ
03481K,해성산업1우선주,KOSDAQ
76610,해성옵틱스,KOSDAQ
59270,해성티피씨,KOSDAQ
101530,해태제과식품주식회사,KOSPI
220180,핸디소프트,KOSDAQ
143210,핸즈코퍼레이션보통주,KOSPI
900270,헝셩그룹유한회사,KOSDAQ
214180,헥토이노베이션,KOSDAQ
234340,헥토파이낸셜,KOSDAQ
84990,헬릭스미스,KOSDAQ
725,현대건설1우선주,KOSPI
720,현대건설보통주,KOSPI
170030,현대공업,KOSDAQ
453340,현대그린푸드보통주,KOSPI
86280,현대글로비스보통주,KOSPI
64350,현대로템보통주,KOSPI
79430,현대리바트보통주,KOSPI
12330,현대모비스보통주,KOSPI
319400,현대무벡스,KOSDAQ
10620,현대미포조선보통주,KOSPI
52260,현대바이오랜드,KOSDAQ
48410,현대바이오사이언스,KOSDAQ
69960,현대백화점보통주,KOSPI
4560,현대비앤지스틸보통주,KOSPI
4310,현대약품보통주,KOSPI
41440,현대에버다임,KOSDAQ
39010,현대에이치티,KOSDAQ
17800,현대엘리베이터보통주,KOSPI
307950,현대오토에버보통주,KOSPI
11210,현대위아보통주,KOSPI
90850,현대이지웰,KOSDAQ
5385,현대자동차1우선주,KOSPI
5387,현대자동차2우선주(신형),KOSPI
5389,현대자동차3우선주(신형),KOSPI
5380,현대자동차보통주,KOSPI
4020,현대제철 보통주,KOSPI
5440,현대지에프홀딩스보통주,KOSPI
1500,현대차증권보통주,KOSPI
11760,현대코퍼레이션보통주,KOSPI
227840,현대코퍼레이션홀딩스보통주,KOSPI
126560,현대퓨처넷보통주,KOSPI
1450,현대해상화재보험보통주,KOSPI
57050,현대홈쇼핑보통주,KOSPI
92300,현우산업,KOSDAQ
138360,협진,KOSDAQ
11080,형지아이앤씨,KOSDAQ
93240,형지엘리트보통주,KOSPI
3010,혜인보통주,KOSPI
111110,호전실업보통주,KOSPI
8775,호텔신라1우선주,KOSPI
8770,호텔신라보통주,KOSPI
60560,홈센타홀딩스,KOSDAQ
64240,홈캐스트,KOSDAQ
39610,화성밸브,KOSDAQ
2460,화성산업보통주,KOSPI
378850,화승알앤에이보통주,KOSPI
241590,화승엔터프라이즈보통주,KOSPI
6060,화승인더스트리보통주,KOSPI
13520,화승코퍼레이션보통주,KOSPI
10690,화신보통주,KOSPI
126640,화신정공,KOSDAQ
133820,화인베스틸보통주,KOSPI
127980,화인써키트,KOSDAQ
61250,화일약품,KOSDAQ
10660,화천기계보통주,KOSPI
850,화천기공보통주,KOSPI
16580,환인제약보통주,KOSPI
32560,황금에스티보통주,KOSPI
4800,효성보통주,KOSPI
94280,효성아이티엑스 보통주,KOSPI
97870,효성오앤비,KOSDAQ
298040,효성중공업보통주,KOSPI
298050,효성첨단소재보통주,KOSPI
298020,효성티앤씨보통주,KOSPI
298000,효성화학보통주,KOSPI
93370,후성 보통주,KOSPI
81660,휠라홀딩스보통주,KOSPI
290270,휴네시온,KOSDAQ
5870,휴니드테크놀러지스보통주,KOSPI
353190,휴럼,KOSDAQ
192410,휴림네트웍스,KOSDAQ
90710,휴림로봇,KOSDAQ
78590,휴림에이텍,KOSDAQ
205470,휴마시스,KOSDAQ
115160,휴맥스,KOSDAQ
28080,휴맥스홀딩스,KOSDAQ
200670,휴메딕스,KOSDAQ
79980,휴비스보통주,KOSPI
65510,휴비츠,KOSDAQ
215090,휴센텍,KOSDAQ
5010,휴스틸보통주,KOSPI
263920,휴엠앤씨,KOSDAQ
243070,휴온스,KOSDAQ GLOBAL
84110,휴온스글로벌,KOSDAQ
145020,휴젤,KOSDAQ GLOBAL
24060,흥구석유,KOSDAQ
10240,흥국,KOSDAQ
189980,흥국에프엔비,KOSDAQ
545,흥국화재해상보험1우선주,KOSPI
540,흥국화재해상보험보통주,KOSPI
3280,흥아해운보통주,KOSPI
37440,희림종합건축사사무소,KOSDAQ
238490,힘스,KOSDAQ
